track_name,semester,course_id
Physics - Three-Year Track,1,00440102
Physics - Three-Year Track,1,01040012
Physics - Three-Year Track,1,01040064
Physics - Three-Year Track,1,01140074
Physics - Three-Year Track,1,01140020
Physics - Three-Year Track,1,02340128
Physics - Three-Year Track,2,01040013
Physics - Three-Year Track,2,01040038
Physics - Three-Year Track,2,01040136
Physics - Three-Year Track,2,01140021
Physics - Three-Year Track,2,01140034
Physics - Three-Year Track,2,01140076
Physics - Three-Year Track,2,03240033
Physics - Three-Year Track,3,01040034
Physics - Three-Year Track,3,01040220
Physics - Three-Year Track,3,01040214
Physics - Three-Year Track,3,01040215
Physics - Three-Year Track,3,01140086
Physics - Three-Year Track,3,01140101
Physics - Three-Year Track,3,01140035
Physics - Three-Year Track,3,01140038
Physics - Three-Year Track,4,01140037
Physics - Three-Year Track,4,01150203
Physics - Three-Year Track,4,01140246
Physics - Three-Year Track,4,01140036
Physics - Three-Year Track,5,01150204
Physics - Three-Year Track,5,01240107
Physics - Three-Year Track,5,01140250
Mathematics and Physics - Combined Three-Year Track,1,00440102
Mathematics and Physics - Combined Three-Year Track,1,01040000
Mathematics and Physics - Combined Three-Year Track,1,01040195
Mathematics and Physics - Combined Three-Year Track,1,01040066
Mathematics and Physics - Combined Three-Year Track,1,01140074
Mathematics and Physics - Combined Three-Year Track,1,01140020
Mathematics and Physics - Combined Three-Year Track,1,03940901
Mathematics and Physics - Combined Three-Year Track,2,01040281
Mathematics and Physics - Combined Three-Year Track,2,01040168
Mathematics and Physics - Combined Three-Year Track,2,01140076
Mathematics and Physics - Combined Three-Year Track,2,01140021
Mathematics and Physics - Combined Three-Year Track,2,03240033
Mathematics and Physics - Combined Three-Year Track,2,03940901
Mathematics and Physics - Combined Three-Year Track,3,01040295
Mathematics and Physics - Combined Three-Year Track,3,01040285
Mathematics and Physics - Combined Three-Year Track,3,01040222
Mathematics and Physics - Combined Three-Year Track,3,02340128
Mathematics and Physics - Combined Three-Year Track,3,01140101
Mathematics and Physics - Combined Three-Year Track,3,01140086
Mathematics and Physics - Combined Three-Year Track,4,01150203
Mathematics and Physics - Combined Three-Year Track,4,01040142
Mathematics and Physics - Combined Three-Year Track,4,01040158
Mathematics and Physics - Combined Three-Year Track,4,01040030
Mathematics and Physics - Combined Three-Year Track,4,01140035
Mathematics and Physics - Combined Three-Year Track,4,01140036
Mathematics and Physics - Combined Three-Year Track,5,01040122
Mathematics and Physics - Combined Three-Year Track,5,01150204
Mathematics and Physics - Combined Three-Year Track,6,01140246
Physics - Four-Year Track,1,00440102
Physics - Four-Year Track,1,01040012
Physics - Four-Year Track,1,01040064
Physics - Four-Year Track,1,01140074
Physics - Four-Year Track,1,01140020
Physics - Four-Year Track,1,02340128
Physics - Four-Year Track,2,01040013
Physics - Four-Year Track,2,01040038
Physics - Four-Year Track,2,01040136
Physics - Four-Year Track,2,01140021
Physics - Four-Year Track,2,01140034
Physics - Four-Year Track,2,01140076
Physics - Four-Year Track,2,03240033
Physics - Four-Year Track,3,01040034
Physics - Four-Year Track,3,01040220
Physics - Four-Year Track,3,01040214
Physics - Four-Year Track,3,01040215
Physics - Four-Year Track,3,01140086
Physics - Four-Year Track,3,01140101
Physics - Four-Year Track,3,01140035
Physics - Four-Year Track,3,01140038
Physics - Four-Year Track,4,01150203
Physics - Four-Year Track,4,01140246
Physics - Four-Year Track,4,01140036
Physics - Four-Year Track,4,01160210
Physics - Four-Year Track,4,01140037
Physics - Four-Year Track,4,03940901
Physics - Four-Year Track,5,01160217
Physics - Four-Year Track,5,01150204
Physics - Four-Year Track,5,01140250
Physics - Four-Year Track,5,01160041
Physics - Four-Year Track,6,01160354
Physics - Four-Year Track,6,01160004
Physics - Four-Year Track,7,00460342
Physics - Four-Year Track,7,01140208
Physics - Four-Year Track,7,01240107
Physics - Electrical and Computer Engineering Track,1,00440102
Physics - Electrical and Computer Engineering Track,1,01040012
Physics - Electrical and Computer Engineering Track,1,01040064
Physics - Electrical and Computer Engineering Track,1,01040016
Physics - Electrical and Computer Engineering Track,1,01140020
Physics - Electrical and Computer Engineering Track,1,01140074
Physics - Electrical and Computer Engineering Track,1,02340117
Physics - Electrical and Computer Engineering Track,1,03240033
Physics - Electrical and Computer Engineering Track,2,04402520
Physics - Electrical and Computer Engineering Track,2,01040013
Physics - Electrical and Computer Engineering Track,2,01040038
Physics - Electrical and Computer Engineering Track,2,01040136
Physics - Electrical and Computer Engineering Track,2,01140030
Physics - Electrical and Computer Engineering Track,2,01140076
Physics - Electrical and Computer Engineering Track,3,00404105
Physics - Electrical and Computer Engineering Track,3,00440268
Physics - Electrical and Computer Engineering Track,3,01040034
Physics - Electrical and Computer Engineering Track,3,01040214
Physics - Electrical and Computer Engineering Track,3,01040215
Physics - Electrical and Computer Engineering Track,3,01040220
Physics - Electrical and Computer Engineering Track,3,01140101
Physics - Electrical and Computer Engineering Track,3,03940901
Physics - Electrical and Computer Engineering Track,4,00440127
Physics - Electrical and Computer Engineering Track,4,00440131
Physics - Electrical and Computer Engineering Track,4,00440157
Physics - Electrical and Computer Engineering Track,4,01150203
Physics - Electrical and Computer Engineering Track,4,01140246
Physics - Electrical and Computer Engineering Track,4,04401400
Physics - Electrical and Computer Engineering Track,4,01140036
Physics - Electrical and Computer Engineering Track,5,00440137
Physics - Electrical and Computer Engineering Track,5,00440148
Physics - Electrical and Computer Engineering Track,5,00440202
Physics - Electrical and Computer Engineering Track,5,01150204
Physics - Electrical and Computer Engineering Track,5,01160217
Physics - Electrical and Computer Engineering Track,5,00440158
Physics - Electrical and Computer Engineering Track,5,03940901
Physics - Electrical and Computer Engineering Track,6,01140035
Physics - Electrical and Computer Engineering Track,6,00440167
Physics - Electrical and Computer Engineering Track,7,01140037
Physics - Electrical and Computer Engineering Track,8,01140250
Physics - Electrical and Computer Engineering Track,8,01140252
Physics and Electrical Engineering - Combined Track,1,00440102
Physics and Electrical Engineering - Combined Track,1,01040012
Physics and Electrical Engineering - Combined Track,1,01040064
Physics and Electrical Engineering - Combined Track,1,01040016
Physics and Electrical Engineering - Combined Track,1,01140020
Physics and Electrical Engineering - Combined Track,1,01140074
Physics and Electrical Engineering - Combined Track,1,02340117
Physics and Electrical Engineering - Combined Track,1,03240033
Physics and Electrical Engineering - Combined Track,2,04402520
Physics and Electrical Engineering - Combined Track,2,01040013
Physics and Electrical Engineering - Combined Track,2,01040038
Physics and Electrical Engineering - Combined Track,2,01040136
Physics and Electrical Engineering - Combined Track,2,11400300
Physics and Electrical Engineering - Combined Track,2,01140076
Physics and Electrical Engineering - Combined Track,3,00440105
Physics and Electrical Engineering - Combined Track,3,04402680
Physics and Electrical Engineering - Combined Track,3,01040034
Physics and Electrical Engineering - Combined Track,3,01040214
Physics and Electrical Engineering - Combined Track,3,01040215
Physics and Electrical Engineering - Combined Track,3,01040220
Physics and Electrical Engineering - Combined Track,3,01140101
Physics and Electrical Engineering - Combined Track,3,03940901
Physics and Electrical Engineering - Combined Track,4,00440127
Physics and Electrical Engineering - Combined Track,4,00440131
Physics and Electrical Engineering - Combined Track,4,00440157
Physics and Electrical Engineering - Combined Track,4,11502030
Physics and Electrical Engineering - Combined Track,4,11402460
Physics and Electrical Engineering - Combined Track,4,00440140
Physics and Electrical Engineering - Combined Track,4,01140036
Physics and Electrical Engineering - Combined Track,5,00440137
Physics and Electrical Engineering - Combined Track,5,00440148
Physics and Electrical Engineering - Combined Track,5,00440202
Physics and Electrical Engineering - Combined Track,5,01150204
Physics and Electrical Engineering - Combined Track,5,01160217
Physics and Electrical Engineering - Combined Track,5,03940901
Physics and Electrical Engineering - Combined Track,6,00440158
Physics and Electrical Engineering - Combined Track,6,00440167
Physics and Electrical Engineering - Combined Track,6,01140035
Physics and Electrical Engineering - Combined Track,7,00440169
Physics and Electrical Engineering - Combined Track,7,01140037
Physics and Electrical Engineering - Combined Track,7,01240108
Physics and Electrical Engineering - Combined Track,8,01140250
Physics and Electrical Engineering - Combined Track,8,01140252
Computer Science and Physics - Combined Degree Track,1,00440102
Computer Science and Physics - Combined Degree Track,1,02340129
Computer Science and Physics - Combined Degree Track,1,01040031
Computer Science and Physics - Combined Degree Track,1,01040166
Computer Science and Physics - Combined Degree Track,1,02340114
Computer Science and Physics - Combined Degree Track,1,03240033
Computer Science and Physics - Combined Degree Track,2,04402520
Computer Science and Physics - Combined Degree Track,2,01040032
Computer Science and Physics - Combined Degree Track,2,02340124
Computer Science and Physics - Combined Degree Track,2,02340141
Computer Science and Physics - Combined Degree Track,3,00940412
Computer Science and Physics - Combined Degree Track,3,01040134
Computer Science and Physics - Combined Degree Track,3,01040033
Computer Science and Physics - Combined Degree Track,3,01140074
Computer Science and Physics - Combined Degree Track,3,01140020
Computer Science and Physics - Combined Degree Track,3,02340218
Computer Science and Physics - Combined Degree Track,3,02340292
Computer Science and Physics - Combined Degree Track,4,01040285
Computer Science and Physics - Combined Degree Track,4,01140076
Computer Science and Physics - Combined Degree Track,4,01140021
Computer Science and Physics - Combined Degree Track,4,02340118
Computer Science and Physics - Combined Degree Track,4,02340123
Computer Science and Physics - Combined Degree Track,4,02340247
Computer Science and Physics - Combined Degree Track,5,01040220
Computer Science and Physics - Combined Degree Track,5,01040214
Computer Science and Physics - Combined Degree Track,5,01040215
Computer Science and Physics - Combined Degree Track,5,01140101
Computer Science and Physics - Combined Degree Track,5,01140086
Computer Science and Physics - Combined Degree Track,6,01140035
Computer Science and Physics - Combined Degree Track,6,01150203
Computer Science and Physics - Combined Degree Track,6,01140036
Computer Science and Physics - Combined Degree Track,6,01140246
Computer Science and Physics - Combined Degree Track,7,02340125
Computer Science and Physics - Combined Degree Track,7,01150204
Computer Science and Physics - Combined Degree Track,7,02360343
Computer Science and Physics - Combined Degree Track,7,01240108
Computer Science and Physics - Combined Degree Track,8,01140037
Biomedical Engineering and Physics - Combined Degree Track,1,00440102
Biomedical Engineering and Physics - Combined Degree Track,1,01040065
Biomedical Engineering and Physics - Combined Degree Track,1,01040042
Biomedical Engineering and Physics - Combined Degree Track,1,01140020
Biomedical Engineering and Physics - Combined Degree Track,1,01140074
Biomedical Engineering and Physics - Combined Degree Track,1,01250001
Biomedical Engineering and Physics - Combined Degree Track,1,01340058
Biomedical Engineering and Physics - Combined Degree Track,2,01040013
Biomedical Engineering and Physics - Combined Degree Track,2,01040038
Biomedical Engineering and Physics - Combined Degree Track,2,01040136
Biomedical Engineering and Physics - Combined Degree Track,2,01140076
Biomedical Engineering and Physics - Combined Degree Track,2,01240801
Biomedical Engineering and Physics - Combined Degree Track,2,02340128
Biomedical Engineering and Physics - Combined Degree Track,3,00440105
Biomedical Engineering and Physics - Combined Degree Track,3,01040214
Biomedical Engineering and Physics - Combined Degree Track,3,01040215
Biomedical Engineering and Physics - Combined Degree Track,3,01040220
Biomedical Engineering and Physics - Combined Degree Track,3,01140021
Biomedical Engineering and Physics - Combined Degree Track,3,01140086
Biomedical Engineering and Physics - Combined Degree Track,3,01340019
Biomedical Engineering and Physics - Combined Degree Track,3,03340274
Biomedical Engineering and Physics - Combined Degree Track,4,00440131
Biomedical Engineering and Physics - Combined Degree Track,4,01040034
Biomedical Engineering and Physics - Combined Degree Track,4,01140035
Biomedical Engineering and Physics - Combined Degree Track,4,03340222
Biomedical Engineering and Physics - Combined Degree Track,4,03360537
Biomedical Engineering and Physics - Combined Degree Track,5,01140101
Biomedical Engineering and Physics - Combined Degree Track,5,03360100
Biomedical Engineering and Physics - Combined Degree Track,5,03340009
Biomedical Engineering and Physics - Combined Degree Track,5,03340011
Biomedical Engineering and Physics - Combined Degree Track,5,03350010
Biomedical Engineering and Physics - Combined Degree Track,6,01140036
Biomedical Engineering and Physics - Combined Degree Track,6,01150203
Biomedical Engineering and Physics - Combined Degree Track,6,03340023
Biomedical Engineering and Physics - Combined Degree Track,6,03350005
Biomedical Engineering and Physics - Combined Degree Track,6,03360533
Biomedical Engineering and Physics - Combined Degree Track,7,01140037
Biomedical Engineering and Physics - Combined Degree Track,7,01150204
Biomedical Engineering and Physics - Combined Degree Track,7,03340014
Biomedical Engineering and Physics - Combined Degree Track,7,03350003
Biomedical Engineering and Physics - Combined Degree Track,8,01140246
Biomedical Engineering and Physics - Combined Degree Track,8,03350015
Aerospace Engineering and Physics - Combined Degree Track,1,00440102
Aerospace Engineering and Physics - Combined Degree Track,1,01040012
Aerospace Engineering and Physics - Combined Degree Track,1,01040064
Aerospace Engineering and Physics - Combined Degree Track,1,01140074
Aerospace Engineering and Physics - Combined Degree Track,1,01140020
Aerospace Engineering and Physics - Combined Degree Track,1,02340128
Aerospace Engineering and Physics - Combined Degree Track,1,03240033
Aerospace Engineering and Physics - Combined Degree Track,2,01040013
Aerospace Engineering and Physics - Combined Degree Track,2,01040136
Aerospace Engineering and Physics - Combined Degree Track,2,01040038
Aerospace Engineering and Physics - Combined Degree Track,2,01140076
Aerospace Engineering and Physics - Combined Degree Track,2,01140021
Aerospace Engineering and Physics - Combined Degree Track,2,00840506
Aerospace Engineering and Physics - Combined Degree Track,3,01040034
Aerospace Engineering and Physics - Combined Degree Track,3,01040220
Aerospace Engineering and Physics - Combined Degree Track,3,01040214
Aerospace Engineering and Physics - Combined Degree Track,3,01040215
Aerospace Engineering and Physics - Combined Degree Track,3,01140086
Aerospace Engineering and Physics - Combined Degree Track,3,01140035
Aerospace Engineering and Physics - Combined Degree Track,3,01140101
Aerospace Engineering and Physics - Combined Degree Track,4,00840311
Aerospace Engineering and Physics - Combined Degree Track,4,00840737
Aerospace Engineering and Physics - Combined Degree Track,4,00840515
Aerospace Engineering and Physics - Combined Degree Track,4,01150203
Aerospace Engineering and Physics - Combined Degree Track,4,01140036
Aerospace Engineering and Physics - Combined Degree Track,4,01140037
Aerospace Engineering and Physics - Combined Degree Track,5,00840154
Aerospace Engineering and Physics - Combined Degree Track,5,00840312
Aerospace Engineering and Physics - Combined Degree Track,5,00840314
Aerospace Engineering and Physics - Combined Degree Track,5,00840738
Aerospace Engineering and Physics - Combined Degree Track,5,01140250
Aerospace Engineering and Physics - Combined Degree Track,5,01150204
Aerospace Engineering and Physics - Combined Degree Track,6,00840135
Aerospace Engineering and Physics - Combined Degree Track,6,00440098
Aerospace Engineering and Physics - Combined Degree Track,6,01140246
Aerospace Engineering and Physics - Combined Degree Track,8,00840630
Medical Sciences,1,01140248
Medical Sciences,1,01240507
Medical Sciences,1,02740138
Medical Sciences,1,02740142
Medical Sciences,1,02740167
Medical Sciences,1,02740257
Medical Sciences,2,01140249
Medical Sciences,2,01250803
Medical Sciences,2,02740143
Medical Sciences,2,02740165
Medical Sciences,2,02740166
Medical Sciences,2,02740266
Medical Sciences,3,02740182
Medical Sciences,3,02740241
Medical Sciences,3,02740242
Medical Sciences,3,02740243
Medical Sciences,3,02740234
Medical Sciences,3,02740258
Medical Sciences,3,02740260
Medical Sciences,3,02740320
Medical Sciences,3,03240397
Medical Sciences,4,02740246
Medical Sciences,4,02740253
Medical Sciences,4,02740235
Medical Sciences,4,02740261
Medical Sciences,4,02740262
Medical Sciences,4,02740265
Medical Sciences,4,02740267
Medical Sciences,4,02740268
Medical Sciences,5,02740231
Medical Sciences,5,02740322
Medical Sciences,5,02740323
Medical Sciences,5,02740326
Medical Sciences,5,02740336
Medical Sciences,5,02740348
Medical Sciences,5,02740372
Medical Sciences,5,02740375
Medical Sciences,6,02740251
Medical Sciences,6,02740252
Medical Sciences,6,02740318
Medical Sciences,6,02740319
Medical Sciences,6,02740327
Medical Sciences,6,02740328
Medical Sciences,6,02740352
Medical Sciences,6,02740367
Medical Sciences,6,02740369
Medical Sciences,6,02740376
Medicine and Biomedical Engineering,1,00440102
Medicine and Biomedical Engineering,1,01040042
Medicine and Biomedical Engineering,1,01040065
Medicine and Biomedical Engineering,1,01140071
Medicine and Biomedical Engineering,1,02740167
Medicine and Biomedical Engineering,1,01240507
Medicine and Biomedical Engineering,2,01040013
Medicine and Biomedical Engineering,2,01040038
Medicine and Biomedical Engineering,2,01040136
Medicine and Biomedical Engineering,2,01140052
Medicine and Biomedical Engineering,2,02340128
Medicine and Biomedical Engineering,2,01250803
Medicine and Biomedical Engineering,3,00440105
Medicine and Biomedical Engineering,3,01040214
Medicine and Biomedical Engineering,3,01040215
Medicine and Biomedical Engineering,3,01040220
Medicine and Biomedical Engineering,3,02740241
Medicine and Biomedical Engineering,3,02740257
Medicine and Biomedical Engineering,4,00440131
Medicine and Biomedical Engineering,4,01040034
Medicine and Biomedical Engineering,4,03340222
Medicine and Biomedical Engineering,4,02740253
Medicine and Biomedical Engineering,4,02740266
Medicine and Biomedical Engineering,5,03340009
Medicine and Biomedical Engineering,5,03340023
Medicine and Biomedical Engineering,5,03350010
Medicine and Biomedical Engineering,5,02740142
Medicine and Biomedical Engineering,5,02740323
Medicine and Biomedical Engineering,5,02740348
Medicine and Biomedical Engineering,6,03340011
Medicine and Biomedical Engineering,6,03340221
Medicine and Biomedical Engineering,6,03350001
Medicine and Biomedical Engineering,6,02740143
Medicine and Biomedical Engineering,6,02740165
Medicine and Biomedical Engineering,6,02740262
Medicine and Biomedical Engineering,6,02740268
Medicine and Biomedical Engineering,7,03340014
Medicine and Biomedical Engineering,7,03350003
Medicine and Biomedical Engineering,7,02740234
Medicine and Biomedical Engineering,7,02740242
Medicine and Biomedical Engineering,7,02740243
Medicine and Biomedical Engineering,7,02740260
Medicine and Biomedical Engineering,7,02740320
Medicine and Biomedical Engineering,8,03350015
Medicine and Biomedical Engineering,8,02740235
Medicine and Biomedical Engineering,8,02740246
Medicine and Biomedical Engineering,8,02740261
Medicine and Biomedical Engineering,8,02740265
Medicine and Biomedical Engineering,8,02740267
Medicine and Biomedical Engineering,9,03240397
Medicine and Biomedical Engineering,9,02740231
Medicine and Biomedical Engineering,9,02740258
Medicine and Biomedical Engineering,9,02740322
Medicine and Biomedical Engineering,9,02740326
Medicine and Biomedical Engineering,9,02740336
Medicine and Biomedical Engineering,9,02740372
Medicine and Biomedical Engineering,9,02740375
Medicine and Biomedical Engineering,10,02740251
Medicine and Biomedical Engineering,10,02740252
Medicine and Biomedical Engineering,10,02740318
Medicine and Biomedical Engineering,10,02740319
Medicine and Biomedical Engineering,10,02740327
Medicine and Biomedical Engineering,10,02740328
Medicine and Biomedical Engineering,10,02740352
Medicine and Biomedical Engineering,10,02740367
Medicine and Biomedical Engineering,10,02740369
Medicine and Biomedical Engineering,10,02740376
Medicine and Computer Science - Double Degree Track,1,01040031
Medicine and Computer Science - Double Degree Track,1,01040166
Medicine and Computer Science - Double Degree Track,1,02340114
Medicine and Computer Science - Double Degree Track,1,02340129
Medicine and Computer Science - Double Degree Track,1,03240033
Medicine and Computer Science - Double Degree Track,2,01040032
Medicine and Computer Science - Double Degree Track,2,01140071
Medicine and Computer Science - Double Degree Track,2,02340124
Medicine and Computer Science - Double Degree Track,2,02340125
Medicine and Computer Science - Double Degree Track,2,02340141
Medicine and Computer Science - Double Degree Track,3,00940412
Medicine and Computer Science - Double Degree Track,3,01040134
Medicine and Computer Science - Double Degree Track,3,02340218
Medicine and Computer Science - Double Degree Track,3,04402520
Medicine and Computer Science - Double Degree Track,3,02340252
Medicine and Computer Science - Double Degree Track,3,02340292
Medicine and Computer Science - Double Degree Track,4,01140249
Medicine and Computer Science - Double Degree Track,4,02340118
Medicine and Computer Science - Double Degree Track,4,02340123
Medicine and Computer Science - Double Degree Track,4,02340247
Medicine and Computer Science - Double Degree Track,4,02360201
Medicine and Computer Science - Double Degree Track,5,01240507
Medicine and Computer Science - Double Degree Track,5,02360501
Medicine and Computer Science - Double Degree Track,5,02360523
Medicine and Computer Science - Double Degree Track,5,02740167
Medicine and Computer Science - Double Degree Track,5,02740142
Medicine and Computer Science - Double Degree Track,5,02740257
Medicine and Computer Science - Double Degree Track,6,02360343
Medicine and Computer Science - Double Degree Track,6,02360267
Medicine and Computer Science - Double Degree Track,6,02360503
Medicine and Computer Science - Double Degree Track,6,01250803
Medicine and Computer Science - Double Degree Track,6,02740143
Medicine and Computer Science - Double Degree Track,6,02740165
Medicine and Computer Science - Double Degree Track,6,02740266
Medicine and Computer Science - Double Degree Track,7,02740182
Medicine and Computer Science - Double Degree Track,7,02740241
Medicine and Computer Science - Double Degree Track,7,02740242
Medicine and Computer Science - Double Degree Track,7,02740243
Medicine and Computer Science - Double Degree Track,7,02740234
Medicine and Computer Science - Double Degree Track,7,02740258
Medicine and Computer Science - Double Degree Track,7,02740260
Medicine and Computer Science - Double Degree Track,7,02740320
Medicine and Computer Science - Double Degree Track,7,03240397
Medicine and Computer Science - Double Degree Track,8,02740235
Medicine and Computer Science - Double Degree Track,8,02740246
Medicine and Computer Science - Double Degree Track,8,02740253
Medicine and Computer Science - Double Degree Track,8,02740261
Medicine and Computer Science - Double Degree Track,8,02740262
Medicine and Computer Science - Double Degree Track,8,02740265
Medicine and Computer Science - Double Degree Track,8,02740267
Medicine and Computer Science - Double Degree Track,8,02740268
Medicine and Computer Science - Double Degree Track,9,02740322
Medicine and Computer Science - Double Degree Track,9,02740323
Medicine and Computer Science - Double Degree Track,9,02740326
Medicine and Computer Science - Double Degree Track,9,02740336
Medicine and Computer Science - Double Degree Track,9,02740348
Medicine and Computer Science - Double Degree Track,9,02740372
Medicine and Computer Science - Double Degree Track,9,02740375
Medicine and Computer Science - Double Degree Track,10,02740251
Medicine and Computer Science - Double Degree Track,10,02740252
Medicine and Computer Science - Double Degree Track,10,02740318
Medicine and Computer Science - Double Degree Track,10,02740319
Medicine and Computer Science - Double Degree Track,10,02740327
Medicine and Computer Science - Double Degree Track,10,02740328
Medicine and Computer Science - Double Degree Track,10,02740352
Medicine and Computer Science - Double Degree Track,10,02740367
Medicine and Computer Science - Double Degree Track,10,02740369
Medicine and Computer Science - Double Degree Track,10,02740376
Medicine and Biomedical Engineering,1,00440102
Medicine and Biomedical Engineering,1,01040042
Medicine and Biomedical Engineering,1,01040065
Medicine and Biomedical Engineering,1,01140071
Medicine and Biomedical Engineering,1,02740167
Medicine and Biomedical Engineering,1,01240507
Medicine and Biomedical Engineering,2,01040013
Medicine and Biomedical Engineering,2,01040038
Medicine and Biomedical Engineering,2,01040136
Medicine and Biomedical Engineering,2,01140052
Medicine and Biomedical Engineering,2,02340128
Medicine and Biomedical Engineering,2,01250803
Medicine and Biomedical Engineering,3,00440105
Medicine and Biomedical Engineering,3,01040214
Medicine and Biomedical Engineering,3,01040215
Medicine and Biomedical Engineering,3,01040220
Medicine and Biomedical Engineering,3,02740241
Medicine and Biomedical Engineering,3,02740257
Medicine and Biomedical Engineering,4,00440131
Medicine and Biomedical Engineering,4,01040034
Medicine and Biomedical Engineering,4,03340222
Medicine and Biomedical Engineering,4,02740253
Medicine and Biomedical Engineering,4,02740266
Medicine and Biomedical Engineering,5,03340009
Medicine and Biomedical Engineering,5,03340023
Medicine and Biomedical Engineering,5,03350010
Medicine and Biomedical Engineering,5,02740142
Medicine and Biomedical Engineering,5,02740323
Medicine and Biomedical Engineering,5,02740348
Medicine and Biomedical Engineering,6,03340011
Medicine and Biomedical Engineering,6,03340221
Medicine and Biomedical Engineering,6,03350001
Medicine and Biomedical Engineering,6,02740143
Medicine and Biomedical Engineering,6,02740165
Medicine and Biomedical Engineering,6,02740262
Medicine and Biomedical Engineering,6,02740268
Medicine and Biomedical Engineering,7,03340014
Medicine and Biomedical Engineering,7,03350003
Medicine and Biomedical Engineering,7,02740234
Medicine and Biomedical Engineering,7,02740242
Medicine and Biomedical Engineering,7,02740243
Medicine and Biomedical Engineering,7,02740260
Medicine and Biomedical Engineering,7,02740320
Medicine and Biomedical Engineering,8,03350015
Medicine and Biomedical Engineering,8,02740235
Medicine and Biomedical Engineering,8,02740246
Medicine and Biomedical Engineering,8,02740261
Medicine and Biomedical Engineering,8,02740265
Medicine and Biomedical Engineering,8,02740267
Medicine and Biomedical Engineering,9,03240397
Medicine and Biomedical Engineering,9,02740231
Medicine and Biomedical Engineering,9,02740258
Medicine and Biomedical Engineering,9,02740322
Medicine and Biomedical Engineering,9,02740326
Medicine and Biomedical Engineering,9,02740336
Medicine and Biomedical Engineering,9,02740372
Medicine and Biomedical Engineering,9,02740375
Medicine and Biomedical Engineering,10,02740251
Medicine and Biomedical Engineering,10,02740252
Medicine and Biomedical Engineering,10,02740318
Medicine and Biomedical Engineering,10,02740319
Medicine and Biomedical Engineering,10,02740327
Medicine and Biomedical Engineering,10,02740328
Medicine and Biomedical Engineering,10,02740352
Medicine and Biomedical Engineering,10,02740367
Medicine and Biomedical Engineering,10,02740369
Medicine and Biomedical Engineering,10,02740376
Mechanical Engineering,1,01040041
Mechanical Engineering,1,01040065
Mechanical Engineering,1,01250001
Mechanical Engineering,1,02340128
Mechanical Engineering,1,03240033
Mechanical Engineering,1,00350026
Mechanical Engineering,2,00340061
Mechanical Engineering,2,00340028
Mechanical Engineering,2,01040043
Mechanical Engineering,2,01140051
Mechanical Engineering,2,01140071
Mechanical Engineering,2,01040131
Mechanical Engineering,2,03140533
Mechanical Engineering,3,03400053
Mechanical Engineering,3,01140052
Mechanical Engineering,3,01140075
Mechanical Engineering,3,00340056
Mechanical Engineering,3,00340035
Mechanical Engineering,3,01040228
Mechanical Engineering,4,00340030
Mechanical Engineering,4,00340010
Mechanical Engineering,4,00340055
Mechanical Engineering,4,00340032
Mechanical Engineering,4,01250013
Mechanical Engineering,5,00340041
Mechanical Engineering,5,00340040
Mechanical Engineering,5,00340054
Mechanical Engineering,5,00340058
Mechanical Engineering,5,01140032
Mechanical Engineering,5,00340051
Mechanical Engineering,6,00340060
Mechanical Engineering,6,00340057
Mechanical Engineering,6,00340371
Mechanical Engineering,7,00340379
Mechanical Engineering,7,00340355
Mechanical Engineering,7,00340353
Mechanical Engineering,7,00340382
Mechanical Engineering,8,00340380
Mechanical Engineering,8,00340381
Mechanical Engineering,8,00340354
Mechanical Engineering,8,00340383
BRAKIM,1,00350026
BRAKIM,1,01040018
BRAKIM,1,02340128
BRAKIM,1,01040016
BRAKIM,1,01250001
BRAKIM,1,03240033
BRAKIM,2,00340061
BRAKIM,2,00340028
BRAKIM,2,01040022
BRAKIM,2,01040131
BRAKIM,2,01140071
BRAKIM,2,03140533
BRAKIM,3,03400053
BRAKIM,3,00340056
BRAKIM,3,00340035
BRAKIM,3,01040228
BRAKIM,3,01140075
BRAKIM,4,00340030
BRAKIM,4,00340010
BRAKIM,4,00340055
BRAKIM,4,00340032
BRAKIM,4,01250013
BRAKIM,4,01140054
BRAKIM,4,01140073
BRAKIM,5,01140032
BRAKIM,5,00340041
BRAKIM,5,00340054
BRAKIM,5,00340040
BRAKIM,5,00340058
BRAKIM,5,00340051
BRAKIM,5,00340355
BRAKIM,6,00340016
BRAKIM,6,00340371
BRAKIM,6,00340060
BRAKIM,6,00340381
BRAKIM,6,00340057
Three-year program in Mathematics,1,01040195
Three-year program in Mathematics,1,01040066
Three-year program in Mathematics,1,01040002
Three-year program in Mathematics,1,02340128
Three-year program in Mathematics,1,03940800
Three-year program in Mathematics,2,01040281
Three-year program in Mathematics,2,01040168
Three-year program in Mathematics,2,03240033
Three-year program in Mathematics,2,01040286
Three-year program in Mathematics,2,01140071
Three-year program in Mathematics,2,03940800
Three-year program in Mathematics,3,01040295
Three-year program in Mathematics,3,01040285
Three-year program in Mathematics,3,01040222
Three-year program in Mathematics,3,01040158
Three-year program in Mathematics,3,01040293
Three-year program in Mathematics,4,01040279
Three-year program in Mathematics,4,01040142
Three-year program in Mathematics,4,01040192
Three-year program in Mathematics,5,01040122
Combined Mathematics-Physics,1,00440102
Combined Mathematics-Physics,1,01040000
Combined Mathematics-Physics,1,01040195
Combined Mathematics-Physics,1,01040066
Combined Mathematics-Physics,1,01140074
Combined Mathematics-Physics,1,01140020
Combined Mathematics-Physics,1,03940800
Combined Mathematics-Physics,2,01040281
Combined Mathematics-Physics,2,01040168
Combined Mathematics-Physics,2,01140076
Combined Mathematics-Physics,2,01140021
Combined Mathematics-Physics,2,03240033
Combined Mathematics-Physics,2,03940800
Combined Mathematics-Physics,3,01040295
Combined Mathematics-Physics,3,01040285
Combined Mathematics-Physics,3,01040222
Combined Mathematics-Physics,3,01140101
Combined Mathematics-Physics,3,01140086
Combined Mathematics-Physics,3,02340128
Combined Mathematics-Physics,4,01040142
Combined Mathematics-Physics,4,01040030
Combined Mathematics-Physics,4,01040158
Combined Mathematics-Physics,4,01150203
Combined Mathematics-Physics,4,01140035
Combined Mathematics-Physics,4,01140036
Combined Mathematics-Physics,5,01040122
Combined Mathematics-Physics,5,01150204
Combined Mathematics-Physics,6,01140246
Mathematics with Computer Science,1,01040195
Mathematics with Computer Science,1,01040066
Mathematics with Computer Science,1,01040002
Mathematics with Computer Science,1,02340114
Mathematics with Computer Science,1,03240033
Mathematics with Computer Science,2,01040281
Mathematics with Computer Science,2,01040168
Mathematics with Computer Science,2,01140071
Mathematics with Computer Science,2,01040286
Mathematics with Computer Science,2,02340124
Mathematics with Computer Science,2,03940800
Mathematics with Computer Science,3,01040295
Mathematics with Computer Science,3,01040293
Mathematics with Computer Science,3,02340218
Mathematics with Computer Science,3,01040222
Mathematics with Computer Science,3,04402520
Mathematics with Computer Science,4,01040158
Mathematics with Computer Science,4,01040285
Mathematics with Computer Science,4,01040291
Mathematics with Computer Science,4,02340118
Mathematics with Computer Science,4,03940800
Mathematics with Computer Science,5,01040122
Mathematics with Computer Science,5,01040294
Mathematics with Computer Science,5,02340123
Mathematics with Computer Science,6,01040192
Applied Mathematics,1,01040195
Applied Mathematics,1,01040066
Applied Mathematics,1,01040002
Applied Mathematics,1,02340128
Applied Mathematics,1,03940800
Applied Mathematics,2,01040281
Applied Mathematics,2,01040168
Applied Mathematics,2,03240033
Applied Mathematics,2,01040286
Applied Mathematics,2,01140071
Applied Mathematics,2,03940800
Applied Mathematics,3,01040295
Applied Mathematics,3,01040285
Applied Mathematics,3,01040158
Applied Mathematics,3,01040222
Applied Mathematics,3,01040142
Applied Mathematics,4,01040122
Applied Mathematics,4,01040273
Applied Mathematics,4,01040193
Applied Mathematics,4,01040291
Applied Mathematics,5,01040192
Applied Mathematics,5,01040294
Computer Science and Mathematics,1,01040195
Computer Science and Mathematics,1,01040066
Computer Science and Mathematics,1,02340114
Computer Science and Mathematics,1,02340129
Computer Science and Mathematics,1,03240033
Computer Science and Mathematics,1,03940800
Computer Science and Mathematics,2,01040281
Computer Science and Mathematics,2,01040168
Computer Science and Mathematics,2,01140071
Computer Science and Mathematics,2,03940800
Computer Science and Mathematics,2,02340124
Computer Science and Mathematics,2,02340141
Computer Science and Mathematics,3,01040295
Computer Science and Mathematics,3,01040293
Computer Science and Mathematics,3,01040222
Computer Science and Mathematics,3,02340218
Computer Science and Mathematics,3,04402520
Computer Science and Mathematics,3,02340252
Computer Science and Mathematics,4,01040158
Computer Science and Mathematics,4,01040142
Computer Science and Mathematics,4,01040285
Computer Science and Mathematics,4,02340118
Computer Science and Mathematics,4,02340247
Computer Science and Mathematics,5,01040294
Computer Science and Mathematics,5,02340125
Computer Science and Mathematics,5,01040122
Computer Science and Mathematics,5,01040279
Computer Science and Mathematics,5,02360343
Computer Science and Mathematics,6,01040192
Computer Science and Mathematics,6,02360267
Computer Science and Mathematics,6,01060156
Computer Science and Mathematics,6,02340123
Materials Engineering,1,01040019
Materials Engineering,1,01040041
Materials Engineering,1,01140051
Materials Engineering,1,01240117
Materials Engineering,1,02340128
Materials Engineering,1,03240033
Materials Engineering,2,01040043
Materials Engineering,2,01040131
Materials Engineering,2,01140052
Materials Engineering,2,03140011
Materials Engineering,2,01240118
Materials Engineering,2,01140081
Materials Engineering,3,01040228
Materials Engineering,3,01240400
Materials Engineering,3,03150058
Materials Engineering,3,03140009
Materials Engineering,3,00940481
Materials Engineering,4,01240413
Materials Engineering,4,01240414
Materials Engineering,4,01240801
Materials Engineering,4,03150003
Materials Engineering,4,03150051
Materials Engineering,4,03140016
Materials Engineering,5,03140150
Materials Engineering,5,03140006
Materials Engineering,5,03150052
Materials Engineering,5,03140309
Materials Engineering,5,03140003
Materials Engineering,6,03140311
Materials Engineering,6,03140312
Materials Engineering,6,03150030
Materials Engineering,6,03150039
Materials Engineering,6,03150008
Materials Engineering,7,03150242
Materials Engineering,7,03150059
Materials Engineering,7,03140532
Materials Engineering,7,03150001
Materials Engineering,7,03150037
Materials Engineering,8,03150002
Materials Engineering,8,03150012
Materials Engineering,8,03150014
Materials Engineering and Physics,1,01040019
Materials Engineering and Physics,1,01040041
Materials Engineering and Physics,1,01140051
Materials Engineering and Physics,1,01240117
Materials Engineering and Physics,1,02340128
Materials Engineering and Physics,1,03240033
Materials Engineering and Physics,2,01040043
Materials Engineering and Physics,2,01040131
Materials Engineering and Physics,2,01140052
Materials Engineering and Physics,2,03140011
Materials Engineering and Physics,2,01240118
Materials Engineering and Physics,2,01140081
Materials Engineering and Physics,3,01040228
Materials Engineering and Physics,3,01240400
Materials Engineering and Physics,3,03150058
Materials Engineering and Physics,3,03140009
Materials Engineering and Physics,3,00940481
Materials Engineering and Physics,4,01240413
Materials Engineering and Physics,4,01240414
Materials Engineering and Physics,4,01240801
Materials Engineering and Physics,4,03150003
Materials Engineering and Physics,4,03150051
Materials Engineering and Physics,4,03140016
Materials Engineering and Physics,5,03140150
Materials Engineering and Physics,5,03140006
Materials Engineering and Physics,5,03150052
Materials Engineering and Physics,5,03140309
Materials Engineering and Physics,5,03140003
Materials Engineering and Physics,6,03140311
Materials Engineering and Physics,6,03140312
Materials Engineering and Physics,6,03150030
Materials Engineering and Physics,6,03150039
Materials Engineering and Physics,6,03150008
Materials Engineering and Physics,7,03150242
Materials Engineering and Physics,7,03150059
Materials Engineering and Physics,7,03140532
Materials Engineering and Physics,7,03150001
Materials Engineering and Physics,7,03150037
Materials Engineering and Physics,8,03150002
Materials Engineering and Physics,8,03150012
Materials Engineering and Physics,8,03150014
Materials Engineering and Chemistry,1,01040019
Materials Engineering and Chemistry,1,01040041
Materials Engineering and Chemistry,1,01140051
Materials Engineering and Chemistry,1,01240117
Materials Engineering and Chemistry,1,02340128
Materials Engineering and Chemistry,1,03240033
Materials Engineering and Chemistry,2,01040043
Materials Engineering and Chemistry,2,01040131
Materials Engineering and Chemistry,2,01140052
Materials Engineering and Chemistry,2,01140081
Materials Engineering and Chemistry,2,01240118
Materials Engineering and Chemistry,2,01240220
Materials Engineering and Chemistry,2,03140011
Materials Engineering and Chemistry,3,00940481
Materials Engineering and Chemistry,3,01040228
Materials Engineering and Chemistry,3,01240212
Materials Engineering and Chemistry,3,01240708
Materials Engineering and Chemistry,3,01240400
Materials Engineering and Chemistry,3,03140009
Materials Engineering and Chemistry,4,01240413
Materials Engineering and Chemistry,4,01240414
Materials Engineering and Chemistry,4,01240711
Materials Engineering and Chemistry,4,01240911
Materials Engineering and Chemistry,4,03150003
Materials Engineering and Chemistry,4,03150051
Materials Engineering and Chemistry,5,01240305
Materials Engineering and Chemistry,5,01240416
Materials Engineering and Chemistry,5,01270427
Materials Engineering and Chemistry,5,03140003
Materials Engineering and Chemistry,5,03140006
Materials Engineering and Chemistry,5,03150052
Materials Engineering and Chemistry,6,01240213
Materials Engineering and Chemistry,6,01240417
Materials Engineering and Chemistry,6,03140311
Materials Engineering and Chemistry,6,03140312
Materials Engineering and Chemistry,6,03150008
Materials Engineering and Chemistry,6,03150030
Materials Engineering and Chemistry,6,03150039
Materials Engineering and Chemistry,7,01240618
Materials Engineering and Chemistry,7,01340127
Materials Engineering and Chemistry,7,03140532
Materials Engineering and Chemistry,7,03150001
Materials Engineering and Chemistry,7,03150037
Materials Engineering and Chemistry,8,01240214
Materials Engineering and Chemistry,8,03150002
Materials Engineering and Chemistry,9,03150014
Materials Engineering and Biology,1,01040019
Materials Engineering and Biology,1,01040041
Materials Engineering and Biology,1,01140051
Materials Engineering and Biology,1,01240117
Materials Engineering and Biology,1,02340128
Materials Engineering and Biology,1,03240033
Materials Engineering and Biology,2,01040043
Materials Engineering and Biology,2,01040131
Materials Engineering and Biology,2,01140052
Materials Engineering and Biology,2,03140011
Materials Engineering and Biology,2,01240118
Materials Engineering and Biology,2,01140081
Materials Engineering and Biology,3,01040228
Materials Engineering and Biology,3,01240400
Materials Engineering and Biology,3,03150058
Materials Engineering and Biology,3,03140009
Materials Engineering and Biology,3,00940481
Materials Engineering and Biology,4,01240413
Materials Engineering and Biology,4,01240414
Materials Engineering and Biology,4,01240801
Materials Engineering and Biology,4,03150003
Materials Engineering and Biology,4,03150051
Materials Engineering and Biology,4,03140016
Materials Engineering and Biology,5,03140150
Materials Engineering and Biology,5,03140006
Materials Engineering and Biology,5,03140014
Materials Engineering and Biology,5,03150052
Materials Engineering and Biology,6,01340121
Materials Engineering and Biology,6,01340143
Materials Engineering and Biology,6,03140311
Materials Engineering and Biology,6,03140312
Materials Engineering and Biology,6,03150008
Materials Engineering and Biology,6,03150030
Materials Engineering and Biology,6,03150039
Materials Engineering and Biology,7,01340111
Materials Engineering and Biology,7,03140532
Materials Engineering and Biology,7,03150001
Materials Engineering and Biology,7,03150037
Materials Engineering and Biology,7,02760413
Materials Engineering and Biology,8,03150002
Materials Engineering and Biology,9,03150014
Electrical Engineering,1,00440102
Electrical Engineering,1,01040012
Electrical Engineering,1,01040064
Electrical Engineering,1,01040016
Electrical Engineering,1,01140071
Electrical Engineering,1,01140032
Electrical Engineering,1,02340117
Electrical Engineering,1,03240033
Electrical Engineering,2,04402520
Electrical Engineering,2,01040013
Electrical Engineering,2,01040038
Electrical Engineering,2,01040136
Electrical Engineering,2,01140075
Electrical Engineering,3,00440105
Electrical Engineering,3,00440268
Electrical Engineering,3,00440157
Electrical Engineering,3,01040214
Electrical Engineering,3,01040215
Electrical Engineering,3,01040220
Electrical Engineering,3,01140073
Electrical Engineering,3,03940901
Electrical Engineering,4,00440127
Electrical Engineering,4,00440131
Electrical Engineering,4,00440140
Electrical Engineering,4,01040034
Electrical Engineering,4,03940901
Electrical Engineering,5,00440137
Electrical Engineering,5,00440148
Electrical Engineering,5,00440202
Electrical Engineering,5,00440158
Electrical Engineering,5,00440124
Electrical Engineering,6,00440167
Electrical Engineering,7,00440169
Electrical Engineering and Mathematics,1,00440102
Electrical Engineering and Mathematics,1,01040000
Electrical Engineering and Mathematics,1,01040002
Electrical Engineering and Mathematics,1,01040195
Electrical Engineering and Mathematics,1,01040066
Electrical Engineering and Mathematics,1,01140071
Electrical Engineering and Mathematics,1,01140032
Electrical Engineering and Mathematics,1,02340117
Electrical Engineering and Mathematics,2,04402520
Electrical Engineering and Mathematics,2,01040281
Electrical Engineering and Mathematics,2,01040168
Electrical Engineering and Mathematics,2,01140075
Electrical Engineering and Mathematics,2,03240033
Electrical Engineering and Mathematics,3,00440105
Electrical Engineering and Mathematics,3,00440268
Electrical Engineering and Mathematics,3,01040286
Electrical Engineering and Mathematics,3,01040214
Electrical Engineering and Mathematics,3,01040295
Electrical Engineering and Mathematics,3,01040285
Electrical Engineering and Mathematics,3,01040122
Electrical Engineering and Mathematics,4,00440131
Electrical Engineering and Mathematics,4,00440127
Electrical Engineering and Mathematics,4,00440157
Electrical Engineering and Mathematics,4,00440140
Electrical Engineering and Mathematics,4,01040222
Electrical Engineering and Mathematics,4,01040030
Electrical Engineering and Mathematics,4,03940800
Electrical Engineering and Mathematics,5,00440137
Electrical Engineering and Mathematics,5,00440202
Electrical Engineering and Mathematics,5,00440158
Electrical Engineering and Mathematics,5,01040142
Electrical Engineering and Mathematics,5,01040158
Electrical Engineering and Mathematics,5,03940800
Electrical Engineering and Mathematics,6,0044167
Electrical Engineering and Mathematics,6,00440148
Electrical Engineering and Mathematics,7,00440169
Electrical Engineering and Mathematics,7,01040165
Electrical and Computer Engineering,1,00440102
Electrical and Computer Engineering,1,01040012
Electrical and Computer Engineering,1,01040064
Electrical and Computer Engineering,1,01040016
Electrical and Computer Engineering,1,01140071
Electrical and Computer Engineering,1,02340117
Electrical and Computer Engineering,1,03240033
Electrical and Computer Engineering,2,04402520
Electrical and Computer Engineering,2,01040013
Electrical and Computer Engineering,2,01040038
Electrical and Computer Engineering,2,01040136
Electrical and Computer Engineering,2,01140075
Electrical and Computer Engineering,3,00440105
Electrical and Computer Engineering,3,00440114
Electrical and Computer Engineering,3,00440268
Electrical and Computer Engineering,3,01040134
Electrical and Computer Engineering,3,01040214
Electrical and Computer Engineering,3,01040215
Electrical and Computer Engineering,3,01040220
Electrical and Computer Engineering,3,03940901
Electrical and Computer Engineering,4,00440101
Electrical and Computer Engineering,4,00440127
Electrical and Computer Engineering,4,00440131
Electrical and Computer Engineering,4,00440157
Electrical and Computer Engineering,4,00460002
Electrical and Computer Engineering,4,01040034
Electrical and Computer Engineering,4,03940901
Electrical and Computer Engineering,5,00440137
Electrical and Computer Engineering,5,00460209
Electrical and Computer Engineering,5,00460210
Electrical and Computer Engineering,5,00440334
Electrical and Computer Engineering,5,00460267
Electrical and Computer Engineering,6,00440167
Electrical and Computer Engineering,7,00440169
Electrical Engineering and Physics,1,00440102
Electrical Engineering and Physics,1,01040012
Electrical Engineering and Physics,1,01040064
Electrical Engineering and Physics,1,01040016
Electrical Engineering and Physics,1,01140020
Electrical Engineering and Physics,1,01140074
Electrical Engineering and Physics,1,02340117
Electrical Engineering and Physics,1,03240033
Electrical Engineering and Physics,2,04402520
Electrical Engineering and Physics,2,01040013
Electrical Engineering and Physics,2,01040038
Electrical Engineering and Physics,2,01040136
Electrical Engineering and Physics,2,01140030
Electrical Engineering and Physics,2,01140076
Electrical Engineering and Physics,3,00440105
Electrical Engineering and Physics,3,00440268
Electrical Engineering and Physics,3,01040034
Electrical Engineering and Physics,3,01040214
Electrical Engineering and Physics,3,01040215
Electrical Engineering and Physics,3,01040220
Electrical Engineering and Physics,3,01140101
Electrical Engineering and Physics,3,03940901
Electrical Engineering and Physics,4,00440127
Electrical Engineering and Physics,4,00440131
Electrical Engineering and Physics,4,00440157
Electrical Engineering and Physics,4,01150203
Electrical Engineering and Physics,4,01140246
Electrical Engineering and Physics,4,00440140
Electrical Engineering and Physics,4,01140036
Electrical Engineering and Physics,5,00440137
Electrical Engineering and Physics,5,00440148
Electrical Engineering and Physics,5,00440202
Electrical Engineering and Physics,5,01150204
Electrical Engineering and Physics,5,01160217
Electrical Engineering and Physics,5,00440158
Electrical Engineering and Physics,5,03940901
Electrical Engineering and Physics,6,01140035
Electrical Engineering and Physics,6,00440167
Electrical Engineering and Physics,7,00440169
Electrical Engineering and Physics,7,01140252
Combined Electrical Engineering and Physics,1,00440102
Combined Electrical Engineering and Physics,1,01040012
Combined Electrical Engineering and Physics,1,01040064
Combined Electrical Engineering and Physics,1,01040016
Combined Electrical Engineering and Physics,1,01140020
Combined Electrical Engineering and Physics,1,01140074
Combined Electrical Engineering and Physics,1,02340117
Combined Electrical Engineering and Physics,1,03240033
Combined Electrical Engineering and Physics,2,04402520
Combined Electrical Engineering and Physics,2,01040013
Combined Electrical Engineering and Physics,2,01040038
Combined Electrical Engineering and Physics,2,01040136
Combined Electrical Engineering and Physics,2,01140030
Combined Electrical Engineering and Physics,2,01140076
Combined Electrical Engineering and Physics,3,00440105
Combined Electrical Engineering and Physics,3,00440268
Combined Electrical Engineering and Physics,3,01040034
Combined Electrical Engineering and Physics,3,01040214
Combined Electrical Engineering and Physics,3,01040215
Combined Electrical Engineering and Physics,3,01040220
Combined Electrical Engineering and Physics,3,01140101
Combined Electrical Engineering and Physics,3,03940901
Combined Electrical Engineering and Physics,4,00440127
Combined Electrical Engineering and Physics,4,00440131
Combined Electrical Engineering and Physics,4,00440157
Combined Electrical Engineering and Physics,4,01150203
Combined Electrical Engineering and Physics,4,01140246
Combined Electrical Engineering and Physics,4,00440140
Combined Electrical Engineering and Physics,4,01140036
Combined Electrical Engineering and Physics,5,00440137
Combined Electrical Engineering and Physics,5,00440148
Combined Electrical Engineering and Physics,5,00440202
Combined Electrical Engineering and Physics,5,01150204
Combined Electrical Engineering and Physics,5,01160217
Combined Electrical Engineering and Physics,5,03940901
Combined Electrical Engineering and Physics,6,00440158
Combined Electrical Engineering and Physics,6,00440167
Combined Electrical Engineering and Physics,6,01140035
Combined Electrical Engineering and Physics,7,00440169
Combined Electrical Engineering and Physics,7,01140037
Combined Electrical Engineering and Physics,7,01240108
Combined Electrical Engineering and Physics,8,01140250
Combined Electrical Engineering and Physics,8,01140252
Computer Engineering,1,00440102
Computer Engineering,1,01040012
Computer Engineering,1,01040064
Computer Engineering,1,01040016
Computer Engineering,1,02340129
Computer Engineering,1,01140071
Computer Engineering,1,02340114
Computer Engineering,2,01040013
Computer Engineering,2,02340125
Computer Engineering,2,01040136
Computer Engineering,2,01140075
Computer Engineering,2,04402520
Computer Engineering,3,02340124
Computer Engineering,3,02340141
Computer Engineering,3,00440105
Computer Engineering,3,01040220
Computer Engineering,3,01040215
Computer Engineering,3,01040214
Computer Engineering,3,03240033
Computer Engineering,4,00440131
Computer Engineering,4,01040034
Computer Engineering,4,00440127
Computer Engineering,4,02340218
Computer Engineering,4,02340118
Computer Engineering,4,01140073
Computer Engineering,5,00440137
Computer Engineering,5,00440157
Computer Engineering,5,02340123
Computer Engineering,5,00460209
Computer Engineering,5,00460210
Computer Engineering,5,01040134
Computer Engineering,5,02340247
Computer Engineering,5,00460267
Computer Engineering,5,02360267
Computer Engineering,6,00440167
Computer Engineering,7,00440169
Mathematics Education,1,02140011
Mathematics Education,1,02140114
Mathematics Education,1,01040031
Mathematics Education,1,01040195
Mathematics Education,1,01040041
Mathematics Education,1,01040042
Mathematics Education,1,01040018
Mathematics Education,1,01040166
Mathematics Education,1,01040016
Mathematics Education,1,01040065
Mathematics Education,1,02340114
Mathematics Education,1,03940901
Mathematics Education,2,02140012
Mathematics Education,2,02160014
Mathematics Education,2,01040032
Mathematics Education,2,01040281
Mathematics Education,2,01040043
Mathematics Education,2,01040044
Mathematics Education,2,01040022
Mathematics Education,2,00940345
Mathematics Education,2,03240033
Mathematics Education,2,03940901
Mathematics Education,2,00940314
Mathematics Education,2,00940202
Mathematics Education,3,02140132
Mathematics Education,3,02160135
Mathematics Education,3,01040215
Mathematics Education,3,01040214
Mathematics Education,3,01040134
Mathematics Education,3,00440268
Mathematics Education,4,02140137
Mathematics Education,4,02160133
Mathematics Education,4,01040034
Mathematics Education,4,01040222
Mathematics Education,4,01040285
Mathematics Education,5,02140092
Mathematics Education,5,02140213
Mathematics Education,5,01060397
Mathematics Education,5,00940313
Mathematics Education,6,02140093
Mathematics Education,6,00940423
Mathematics Education,6,01140051
Mathematics Education,7,02160013
Mathematics Education,8,02160112
Mathematics Education,8,02160125
Physics Education,1,02140011
Physics Education,1,02140114
Physics Education,1,02160026
Physics Education,1,01040018
Physics Education,1,01040016
Physics Education,1,02340128
Physics Education,1,03940901
Physics Education,2,02140012
Physics Education,2,01040022
Physics Education,2,01040135
Physics Education,2,03940900
Physics Education,2,03240033
Physics Education,2,01140071
Physics Education,3,02140301
Physics Education,3,00440102
Physics Education,3,01040215
Physics Education,3,01040223
Physics Education,3,01140076
Physics Education,3,01140075
Physics Education,3,01140020
Physics Education,4,02140607
Physics Education,4,02140302
Physics Education,4,01040034
Physics Education,4,01140021
Physics Education,4,01140073
Physics Education,5,02160005
Physics Education,5,02140609
Physics Education,5,01240120
Physics Education,5,01340058
Physics Education,5,01140086
Physics Education,6,02160034
Physics Education,6,02160128
Physics Education,6,01140035
Physics Education,7,02140092
Physics Education,7,02160004
Physics Education,7,01240415
Physics Education,8,02140093
Chemistry Education,1,02140011/2
Chemistry Education,1,01240117
Chemistry Education,1,01340058
Chemistry Education,1,01040003
Chemistry Education,2,0214011/2
Chemistry Education,2,01240118
Chemistry Education,2,01250801
Chemistry Education,2,01240708
Chemistry Education,2,01040004
Chemistry Education,2,03940901
Chemistry Education,3,02140401
Chemistry Education,3,01140051
Chemistry Education,3,03240033
Chemistry Education,3,01040019
Chemistry Education,4,02140114
Chemistry Education,4,01240220
Chemistry Education,4,01140052
Chemistry Education,5,02140402
Chemistry Education,5,02140607
Chemistry Education,5,0134019
Chemistry Education,5,00140968
Chemistry Education,5,01340153
Chemistry Education,5,00140978
Chemistry Education,5,01240415
Chemistry Education,5,00540350
Chemistry Education,5,01240212
Chemistry Education,6,02160128
Chemistry Education,6,00640322
Chemistry Education,6,01240911
Chemistry Education,6,00940481
Chemistry Education,6,01340143
Chemistry Education,7,02140092
Chemistry Education,7,01140054
Chemistry Education,8,02140093
Chemistry Education,8,02160126
Biology-Environmental Sciences Education,1,02140011
Biology-Environmental Sciences Education,1,02140012
Biology-Environmental Sciences Education,1,01240120
Biology-Environmental Sciences Education,1,01340058
Biology-Environmental Sciences Education,1,01040003
Biology-Environmental Sciences Education,1,03940901
Biology-Environmental Sciences Education,2,02140114
Biology-Environmental Sciences Education,2,01340019
Biology-Environmental Sciences Education,2,01340020
Biology-Environmental Sciences Education,2,01250801
Biology-Environmental Sciences Education,2,03240033
Biology-Environmental Sciences Education,2,03940901
Biology-Environmental Sciences Education,3,02140011
Biology-Environmental Sciences Education,3,02140012
Biology-Environmental Sciences Education,3,01340082
Biology-Environmental Sciences Education,3,01340113
Biology-Environmental Sciences Education,3,01140051
Biology-Environmental Sciences Education,3,01340154
Biology-Environmental Sciences Education,4,02140607
Biology-Environmental Sciences Education,4,01340128
Biology-Environmental Sciences Education,4,01340121
Biology-Environmental Sciences Education,4,01340133
Biology-Environmental Sciences Education,4,01140052
Biology-Environmental Sciences Education,5,02140501
Biology-Environmental Sciences Education,5,01340163
Biology-Environmental Sciences Education,5,01340111
Biology-Environmental Sciences Education,5,02340128
Biology-Environmental Sciences Education,6,02140502
Biology-Environmental Sciences Education,6,01340117
Biology-Environmental Sciences Education,6,01340040
Biology-Environmental Sciences Education,6,01340153
Biology-Environmental Sciences Education,6,00160302
Biology-Environmental Sciences Education,7,02140092
Biology-Environmental Sciences Education,7,02160128
Biology-Environmental Sciences Education,7,01140054
Biology-Environmental Sciences Education,8,02160136
Biology-Environmental Sciences Education,8,02140093
Computer Science Education,1,02140011
Computer Science Education,1,02140012
Computer Science Education,1,01040031
Computer Science Education,1,01040195
Computer Science Education,1,01040041
Computer Science Education,1,01040042
Computer Science Education,1,01040018
Computer Science Education,1,01040166
Computer Science Education,1,01040016
Computer Science Education,1,03240033
Computer Science Education,1,03940901
Computer Science Education,2,02140011
Computer Science Education,2,02140012
Computer Science Education,2,02340114
Computer Science Education,2,01040032
Computer Science Education,2,01040281
Computer Science Education,2,01040043
Computer Science Education,2,01040044
Computer Science Education,2,01040022
Computer Science Education,2,00940345
Computer Science Education,2,03940901
Computer Science Education,3,02140114
Computer Science Education,3,02340141
Computer Science Education,3,00940344
Computer Science Education,3,02340122
Computer Science Education,3,00940219
Computer Science Education,3,02340118
Computer Science Education,4,02340218
Computer Science Education,4,02340129
Computer Science Education,4,01040131
Computer Science Education,4,00940412
Computer Science Education,4,00940431
Computer Science Education,4,01040034
Computer Science Education,5,02140901
Computer Science Education,5,02340247
Computer Science Education,5,02340252
Computer Science Education,5,04402520
Computer Science Education,5,01040134
Computer Science Education,6,02140902
Computer Science Education,6,00940222
Computer Science Education,6,00940240
Computer Science Education,7,02140092
Computer Science Education,7,02360319
Computer Science Education,8,02140093
Computer Science Education,8,02160126
Technology-Mechanical Education,1,0030042
Technology-Mechanical Education,1,01040018
Technology-Mechanical Education,1,01040016
Technology-Mechanical Education,1,01250001
Technology-Mechanical Education,1,03240033
Technology-Mechanical Education,1,03940800
Technology-Mechanical Education,2,00340028
Technology-Mechanical Education,2,03140533
Technology-Mechanical Education,2,01250013
Technology-Mechanical Education,2,01040022
Technology-Mechanical Education,2,02340128
Technology-Mechanical Education,2,03940800
Technology-Mechanical Education,3,02140011
Technology-Mechanical Education,3,02140012
Technology-Mechanical Education,3,00340029
Technology-Mechanical Education,3,00340030
Technology-Mechanical Education,3,00340033
Technology-Mechanical Education,3,00140006
Technology-Mechanical Education,3,00340043
Technology-Mechanical Education,3,01040131
Technology-Mechanical Education,4,02140011
Technology-Mechanical Education,4,02140012
Technology-Mechanical Education,4,02140114
Technology-Mechanical Education,4,00340035
Technology-Mechanical Education,4,00340022
Technology-Mechanical Education,4,00940481
Technology-Mechanical Education,4,01140051
Technology-Mechanical Education,5,02140807
Technology-Mechanical Education,5,00340015
Technology-Mechanical Education,5,00340032
Technology-Mechanical Education,5,00340013
Technology-Mechanical Education,5,01140052
Technology-Mechanical Education,5,01140032
Technology-Mechanical Education,6,02140806
Technology-Mechanical Education,6,02160031
Technology-Mechanical Education,6,01140054
Technology-Mechanical Education,7,02140608
Technology-Mechanical Education,7,02140092
Technology-Mechanical Education,8,02160032
Technology-Mechanical Education,8,02140093
Technology-Mechanical Education,8,00340371
Electronics-Electricity Education,1,02140011
Electronics-Electricity Education,1,02140012
Electronics-Electricity Education,1,01040012
Electronics-Electricity Education,1,01040016
Electronics-Electricity Education,1,02340117
Electronics-Electricity Education,1,03940901
Electronics-Electricity Education,2,02140011
Electronics-Electricity Education,2,02140012
Electronics-Electricity Education,2,01040038
Electronics-Electricity Education,2,01040013
Electronics-Electricity Education,2,01040136
Electronics-Electricity Education,2,01140071
Electronics-Electricity Education,2,03240033
Electronics-Electricity Education,3,02140114
Electronics-Electricity Education,3,00440268
Electronics-Electricity Education,3,04402520
Electronics-Electricity Education,3,00440102
Electronics-Electricity Education,3,01040220
Electronics-Electricity Education,3,01140075
Electronics-Electricity Education,3,01140032
Electronics-Electricity Education,3,03940901
Electronics-Electricity Education,4,02160031
Electronics-Electricity Education,4,00440105
Electronics-Electricity Education,4,01040034
Electronics-Electricity Education,4,01040214
Electronics-Electricity Education,4,01040215
Electronics-Electricity Education,4,01140073
Electronics-Electricity Education,5,02140807
Electronics-Electricity Education,5,00440127
Electronics-Electricity Education,5,00440131
Electronics-Electricity Education,6,02140806
Electronics-Electricity Education,6,02140607
Electronics-Electricity Education,6,00440137
Electronics-Electricity Education,7,02140092
Electronics-Electricity Education,7,02160032
Electronics-Electricity Education,7,00440157
Electronics-Electricity Education,8,02140093
Electronics-Electricity Education,8,02160126
Electronics-Electricity Education,8,02160128
Electronics-Electricity Education,8,00440167
Electronics-Electricity Education,8,00440198
Data and Information Engineering,1,00940345
Data and Information Engineering,1,01040031
Data and Information Engineering,1,01040166
Data and Information Engineering,1,02340117
Data and Information Engineering,1,03240033
Data and Information Engineering,2,00940700
Data and Information Engineering,2,00940219
Data and Information Engineering,2,00940210
Data and Information Engineering,2,00940412
Data and Information Engineering,2,01040032
Data and Information Engineering,2,01140051
Data and Information Engineering,3,00940224
Data and Information Engineering,3,00940241
Data and Information Engineering,3,00940424
Data and Information Engineering,3,00950296
Data and Information Engineering,3,00960570
Data and Information Engineering,4,00940314
Data and Information Engineering,4,00960211
Data and Information Engineering,4,00960224
Data and Information Engineering,4,00960327
Data and Information Engineering,4,00960411
Data and Information Engineering,4,00970414
Data and Information Engineering,5,00960210
Data and Information Engineering,5,00960250
Data and Information Engineering,5,00960275
Data and Information Engineering,5,00970209
Data and Information Engineering,5,00970447
Data and Information Engineering,7,00940290
Data and Information Engineering,8,00940295
Industrial Engineering and Management,1,00940101
Industrial Engineering and Management,1,00940345
Industrial Engineering and Management,1,01040065
Industrial Engineering and Management,1,01040042
Industrial Engineering and Management,1,02340221
Industrial Engineering and Management,2,00940411
Industrial Engineering and Management,2,00940202
Industrial Engineering and Management,2,00940219
Industrial Engineering and Management,2,01040044
Industrial Engineering and Management,2,03240033
Industrial Engineering and Management,3,00940224
Industrial Engineering and Management,3,00940312
Industrial Engineering and Management,3,00940424
Industrial Engineering and Management,3,00940564
Industrial Engineering and Management,3,00940594
Industrial Engineering and Management,3,01140051
Industrial Engineering and Management,4,00940139
Industrial Engineering and Management,4,00940314
Industrial Engineering and Management,4,00950605
Industrial Engineering and Management,4,00970800
Industrial Engineering and Management,5,00950139
Industrial Engineering and Management,5,00950334
Industrial Engineering and Management,5,00940142
Industrial Engineering and Management,5,00940170
Industrial Engineering and Management,6,00960324
Industrial Engineering and Management,6,00950113
Industrial Engineering and Management,7,00940189
Industrial Engineering and Management,8,00940195
Information Systems Engineering,1,00940345
Information Systems Engineering,1,00940704
Information Systems Engineering,1,01040065
Information Systems Engineering,1,01040042
Information Systems Engineering,1,02340221
Information Systems Engineering,2,00940210
Information Systems Engineering,2,00940219
Information Systems Engineering,2,00940411
Information Systems Engineering,2,00940202
Information Systems Engineering,2,01040044
Information Systems Engineering,2,03240033
Information Systems Engineering,3,00940224
Information Systems Engineering,3,00940241
Information Systems Engineering,3,00940312
Information Systems Engineering,3,00940424
Information Systems Engineering,3,00940564
Information Systems Engineering,3,00960570
Information Systems Engineering,4,00940314
Information Systems Engineering,4,00950605
Information Systems Engineering,4,00960221
Information Systems Engineering,4,00960411
Information Systems Engineering,4,00970800
Information Systems Engineering,4,01140051
Information Systems Engineering,5,00940594
Information Systems Engineering,5,00950139
Information Systems Engineering,5,00960210
Information Systems Engineering,5,00960250
Information Systems Engineering,5,00970447
Information Systems Engineering,7,00940395
Information Systems Engineering,8,00940396
Medicine and Data Engineering,1,00940345
Medicine and Data Engineering,1,01040031
Medicine and Data Engineering,1,01040166
Medicine and Data Engineering,1,01140071
Medicine and Data Engineering,1,02340117
Medicine and Data Engineering,2,09407000
Medicine and Data Engineering,2,00940219
Medicine and Data Engineering,2,00940210
Medicine and Data Engineering,2,00940412
Medicine and Data Engineering,2,01040032
Medicine and Data Engineering,2,01140249
Medicine and Data Engineering,3,00940224
Medicine and Data Engineering,3,00940241
Medicine and Data Engineering,3,00940424
Medicine and Data Engineering,3,00950296
Medicine and Data Engineering,3,00960570
Medicine and Data Engineering,3,00960411
Medicine and Data Engineering,3,0124507
Medicine and Data Engineering,4,00940314
Medicine and Data Engineering,4,00960211
Medicine and Data Engineering,4,00960224
Medicine and Data Engineering,4,00960327
Medicine and Data Engineering,4,00970447
Medicine and Data Engineering,4,00970209
Medicine and Data Engineering,5,00960210
Medicine and Data Engineering,5,00960250
Medicine and Data Engineering,5,00960275
Medicine and Data Engineering,5,00970414
Medicine and Data Engineering,5,02740142
Medicine and Data Engineering,5,02740167
Medicine and Data Engineering,5,02740257
Medicine and Data Engineering,6,01250803
Medicine and Data Engineering,6,02740143
Medicine and Data Engineering,6,02740165
Medicine and Data Engineering,6,02740266
Medicine and Data Engineering,7,00940290
Medicine and Data Engineering,7,02740241
Medicine and Data Engineering,7,02740242
Medicine and Data Engineering,7,02740243
Medicine and Data Engineering,7,02740234
Medicine and Data Engineering,7,02740258
Medicine and Data Engineering,7,02740260
Medicine and Data Engineering,7,02740320
Medicine and Data Engineering,7,03240397
Medicine and Data Engineering,8,00940295
Medicine and Data Engineering,8,02740246
Medicine and Data Engineering,8,02740253
Medicine and Data Engineering,8,02740235
Medicine and Data Engineering,8,02740261
Medicine and Data Engineering,8,02740262
Medicine and Data Engineering,8,02740265
Medicine and Data Engineering,8,02740267
Medicine and Data Engineering,8,02740268
Medicine and Data Engineering,9,00940701
Medicine and Data Engineering,9,02740231
Medicine and Data Engineering,9,02740322
Medicine and Data Engineering,9,02740323
Medicine and Data Engineering,9,02740326
Medicine and Data Engineering,9,02740336
Medicine and Data Engineering,9,02740348
Medicine and Data Engineering,9,02740372
Medicine and Data Engineering,9,02740375
Medicine and Data Engineering,10,00940702
Medicine and Data Engineering,10,02740251
Medicine and Data Engineering,10,02740252
Medicine and Data Engineering,10,02740318
Medicine and Data Engineering,10,02740319
Medicine and Data Engineering,10,02740327
Medicine and Data Engineering,10,02740328
Medicine and Data Engineering,10,02740352
Medicine and Data Engineering,10,02740367
Medicine and Data Engineering,10,02740369
Medicine and Data Engineering,10,02740376
Computer Science - General Four-Year Track,1,01040031
Computer Science - General Four-Year Track,1,01040166
Computer Science - General Four-Year Track,1,02340114
Computer Science - General Four-Year Track,1,02340129
Computer Science - General Four-Year Track,1,03240033
Computer Science - General Four-Year Track,2,01040032
Computer Science - General Four-Year Track,2,01140071
Computer Science - General Four-Year Track,2,02340124
Computer Science - General Four-Year Track,2,02340125
Computer Science - General Four-Year Track,2,02340141
Computer Science - General Four-Year Track,3,00940412
Computer Science - General Four-Year Track,3,01040134
Computer Science - General Four-Year Track,3,02340218
Computer Science - General Four-Year Track,3,04402520
Computer Science - General Four-Year Track,3,02340252
Computer Science - General Four-Year Track,3,02340292
Computer Science - General Four-Year Track,4,02340118
Computer Science - General Four-Year Track,4,02340123
Computer Science - General Four-Year Track,4,02340247
Computer Science - General Four-Year Track,5,02360267
Computer Science - General Four-Year Track,5,02360343
Computer Science - General Four-Year Track,5,02360360
Computer Science and Computer Systems - Cyber Security Track,1,01040031
Computer Science and Computer Systems - Cyber Security Track,1,01040166
Computer Science and Computer Systems - Cyber Security Track,1,02340114
Computer Science and Computer Systems - Cyber Security Track,1,02340129
Computer Science and Computer Systems - Cyber Security Track,1,03240033
Computer Science and Computer Systems - Cyber Security Track,2,01040032
Computer Science and Computer Systems - Cyber Security Track,2,01140071
Computer Science and Computer Systems - Cyber Security Track,2,02340124
Computer Science and Computer Systems - Cyber Security Track,2,02340125
Computer Science and Computer Systems - Cyber Security Track,2,02340141
Computer Science and Computer Systems - Cyber Security Track,2,02340493
Computer Science and Computer Systems - Cyber Security Track,3,00940412
Computer Science and Computer Systems - Cyber Security Track,3,01040134
Computer Science and Computer Systems - Cyber Security Track,3,02340218
Computer Science and Computer Systems - Cyber Security Track,3,04402520
Computer Science and Computer Systems - Cyber Security Track,3,02340252
Computer Science and Computer Systems - Cyber Security Track,3,02340292
Computer Science and Computer Systems - Cyber Security Track,3,02360491
Computer Science and Computer Systems - Cyber Security Track,4,02340118
Computer Science and Computer Systems - Cyber Security Track,4,02340123
Computer Science and Computer Systems - Cyber Security Track,4,02340247
Computer Science and Computer Systems - Cyber Security Track,5,02360267
Computer Science and Computer Systems - Cyber Security Track,5,02360343
Computer Science and Computer Systems - Cyber Security Track,5,02360360
Computer Science and Computer Systems - Cyber Security Track,5,02360334
Computer Science and Computer Systems - Cyber Security Track,5,02360350
Computer Science and Computer Systems - Cyber Security Track,6,02360506
Computer Science and Computer Systems - Cyber Security Track,6,02360490
Computer Science and Computer Systems - Cyber Security Track,6,02360496
Computer Science - General Three-Year Track,1,01040031
Computer Science - General Three-Year Track,1,01040166
Computer Science - General Three-Year Track,1,02340114
Computer Science - General Three-Year Track,1,02340129
Computer Science - General Three-Year Track,1,03240033
Computer Science - General Three-Year Track,2,01040032
Computer Science - General Three-Year Track,2,01140071
Computer Science - General Three-Year Track,2,02340124
Computer Science - General Three-Year Track,2,02340125
Computer Science - General Three-Year Track,2,02340141
Computer Science - General Three-Year Track,3,00940412
Computer Science - General Three-Year Track,3,01040134
Computer Science - General Three-Year Track,3,02340218
Computer Science - General Three-Year Track,3,04402520
Computer Science - General Three-Year Track,3,02340252
Computer Science - General Three-Year Track,3,02340292
Computer Science - General Three-Year Track,4,02340118
Computer Science - General Three-Year Track,4,02340123
Computer Science - General Three-Year Track,4,02340247
Computer Science - General Three-Year Track,5,02360343
Computer Science - General Three-Year Track,5,02360267
Computer Science - Learning and Data Analysis Track,1,01040031
Computer Science - Learning and Data Analysis Track,1,01040166
Computer Science - Learning and Data Analysis Track,1,02340114
Computer Science - Learning and Data Analysis Track,1,02340129
Computer Science - Learning and Data Analysis Track,1,03240033
Computer Science - Learning and Data Analysis Track,2,01040032
Computer Science - Learning and Data Analysis Track,2,01140071
Computer Science - Learning and Data Analysis Track,2,02340124
Computer Science - Learning and Data Analysis Track,2,02340141
Computer Science - Learning and Data Analysis Track,2,01040174
Computer Science - Learning and Data Analysis Track,3,04402520
Computer Science - Learning and Data Analysis Track,3,02340252
Computer Science - Learning and Data Analysis Track,3,00940412
Computer Science - Learning and Data Analysis Track,3,02340125
Computer Science - Learning and Data Analysis Track,3,02340218
Computer Science - Learning and Data Analysis Track,3,02340292
Computer Science - Learning and Data Analysis Track,4,02340247
Computer Science - Learning and Data Analysis Track,4,02340118
Computer Science - Learning and Data Analysis Track,4,02340123
Computer Science - Learning and Data Analysis Track,4,02360766
Computer Science - Learning and Data Analysis Track,5,02360343
Computer Science - Learning and Data Analysis Track,5,02360201
Computer Science - Bioinformatics Track,1,01040031
Computer Science - Bioinformatics Track,1,01040166
Computer Science - Bioinformatics Track,1,02340114
Computer Science - Bioinformatics Track,1,02340129
Computer Science - Bioinformatics Track,1,01340058
Computer Science - Bioinformatics Track,2,01040032
Computer Science - Bioinformatics Track,2,01140071
Computer Science - Bioinformatics Track,2,01340020
Computer Science - Bioinformatics Track,2,02340124
Computer Science - Bioinformatics Track,2,02340141
Computer Science - Bioinformatics Track,3,00940412
Computer Science - Bioinformatics Track,3,04402520
Computer Science - Bioinformatics Track,3,02340252
Computer Science - Bioinformatics Track,3,02340218
Computer Science - Bioinformatics Track,3,02340292
Computer Science - Bioinformatics Track,3,01250001
Computer Science - Bioinformatics Track,3,03240033
Computer Science - Bioinformatics Track,4,00940423
Computer Science - Bioinformatics Track,4,02340118
Computer Science - Bioinformatics Track,4,02340247
Computer Science - Bioinformatics Track,4,01340019
Computer Science - Bioinformatics Track,5,01040134
Computer Science - Bioinformatics Track,5,02340123
Computer Science - Bioinformatics Track,5,02360523
Computer Science - Bioinformatics Track,6,02360343
Computer Science - Bioinformatics Track,6,02360522
Computer Science - Bioinformatics Track,6,02360524
Software Engineering Track,1,01040031
Software Engineering Track,1,01040166
Software Engineering Track,1,02340114
Software Engineering Track,1,02340129
Software Engineering Track,1,03240033
Software Engineering Track,2,01040032
Software Engineering Track,2,01040134
Software Engineering Track,2,01140071
Software Engineering Track,2,02340124
Software Engineering Track,2,02340141
Software Engineering Track,3,04402520
Software Engineering Track,3,02340252
Software Engineering Track,3,00940412
Software Engineering Track,3,02340218
Software Engineering Track,3,02340292
Software Engineering Track,3,02360319
Software Engineering Track,4,02340118
Software Engineering Track,4,02340247
Software Engineering Track,4,02340123
Software Engineering Track,4,02360703
Software Engineering Track,5,02360267
Software Engineering Track,5,02360322
Software Engineering Track,5,02360342
Software Engineering Track,5,02360343
Software Engineering Track,5,02360360
Software Engineering Track,5,02360370
Software Engineering Track,6,02340125
Software Engineering Track,6,02360334
Software Engineering Track,7,02340311
Software Engineering Track,8,02340312
Computer Engineering Track,1,00440102
Computer Engineering Track,1,01040012
Computer Engineering Track,1,01040064
Computer Engineering Track,1,01040016
Computer Engineering Track,1,02340129
Computer Engineering Track,1,01140071
Computer Engineering Track,1,02340114
Computer Engineering Track,2,01040013
Computer Engineering Track,2,02340125
Computer Engineering Track,2,01040136
Computer Engineering Track,2,01140075
Computer Engineering Track,2,04402520
Computer Engineering Track,3,02340124
Computer Engineering Track,3,02340141
Computer Engineering Track,3,00440105
Computer Engineering Track,3,01040220
Computer Engineering Track,3,01040215
Computer Engineering Track,3,01040214
Computer Engineering Track,3,03240033
Computer Engineering Track,4,00440131
Computer Engineering Track,4,01040034
Computer Engineering Track,4,00440127
Computer Engineering Track,4,02340218
Computer Engineering Track,4,02340118
Computer Engineering Track,4,01140073
Computer Engineering Track,5,00440137
Computer Engineering Track,5,00440157
Computer Engineering Track,5,02340123
Computer Engineering Track,5,00460209
Computer Engineering Track,5,00460210
Computer Engineering Track,5,01040134
Computer Engineering Track,5,02340247
Computer Engineering Track,5,00460267
Computer Engineering Track,5,02360267
Computer Engineering Track,6,00440167
Computer Engineering Track,7,00440169
Computer Science and Mathematics - Combined Track,1,01040195
Computer Science and Mathematics - Combined Track,1,01040066
Computer Science and Mathematics - Combined Track,1,02340114
Computer Science and Mathematics - Combined Track,1,02340129
Computer Science and Mathematics - Combined Track,1,03240033
Computer Science and Mathematics - Combined Track,2,01040281
Computer Science and Mathematics - Combined Track,2,01040168
Computer Science and Mathematics - Combined Track,2,02340124
Computer Science and Mathematics - Combined Track,2,02340141
Computer Science and Mathematics - Combined Track,2,01140071
Computer Science and Mathematics - Combined Track,3,01040295
Computer Science and Mathematics - Combined Track,3,01040293
Computer Science and Mathematics - Combined Track,3,01040222
Computer Science and Mathematics - Combined Track,3,02340218
Computer Science and Mathematics - Combined Track,3,04402520
Computer Science and Mathematics - Combined Track,3,02340252
Computer Science and Mathematics - Combined Track,4,01040142
Computer Science and Mathematics - Combined Track,4,01040285
Computer Science and Mathematics - Combined Track,4,01040158
Computer Science and Mathematics - Combined Track,4,02340118
Computer Science and Mathematics - Combined Track,4,02340247
Computer Science and Mathematics - Combined Track,5,01040122
Computer Science and Mathematics - Combined Track,5,01040279
Computer Science and Mathematics - Combined Track,5,01040294
Computer Science and Mathematics - Combined Track,5,02340125
Computer Science and Mathematics - Combined Track,5,02360343
Computer Science and Mathematics - Combined Track,6,01040192
Computer Science and Mathematics - Combined Track,6,01060156
Computer Science and Mathematics - Combined Track,6,02340123
Computer Science and Mathematics - Combined Track,6,02360267
Computer Science and Physics - Combined Track,1,00440102
Computer Science and Physics - Combined Track,1,01040031
Computer Science and Physics - Combined Track,1,01040166
Computer Science and Physics - Combined Track,1,02340114
Computer Science and Physics - Combined Track,1,02340129
Computer Science and Physics - Combined Track,1,03240033
Computer Science and Physics - Combined Track,2,04402520
Computer Science and Physics - Combined Track,2,02340252
Computer Science and Physics - Combined Track,2,01040032
Computer Science and Physics - Combined Track,2,02340124
Computer Science and Physics - Combined Track,2,02340141
Computer Science and Physics - Combined Track,3,00940412
Computer Science and Physics - Combined Track,3,01040134
Computer Science and Physics - Combined Track,3,01040033
Computer Science and Physics - Combined Track,3,01140020
Computer Science and Physics - Combined Track,3,01140074
Computer Science and Physics - Combined Track,3,02340218
Computer Science and Physics - Combined Track,3,02340292
Computer Science and Physics - Combined Track,4,01040285
Computer Science and Physics - Combined Track,4,01140021
Computer Science and Physics - Combined Track,4,01140076
Computer Science and Physics - Combined Track,4,02340118
Computer Science and Physics - Combined Track,4,02340123
Computer Science and Physics - Combined Track,4,02340247
Computer Science and Physics - Combined Track,5,01040214
Computer Science and Physics - Combined Track,5,01040220
Computer Science and Physics - Combined Track,5,01040215
Computer Science and Physics - Combined Track,5,01140101
Computer Science and Physics - Combined Track,5,01140086
Computer Science and Physics - Combined Track,6,01140035
Computer Science and Physics - Combined Track,6,01150203
Computer Science and Physics - Combined Track,6,01140246
Computer Science and Physics - Combined Track,6,01140036
Computer Science and Physics - Combined Track,7,02340125
Computer Science and Physics - Combined Track,7,01150204
Computer Science and Physics - Combined Track,7,02360343
Computer Science and Physics - Combined Track,7,01240108
Computer Science and Physics - Combined Track,8,01140037
Medicine and Computer Science - Double Degree Track,1,01040031
Medicine and Computer Science - Double Degree Track,1,01040166
Medicine and Computer Science - Double Degree Track,1,02340114
Medicine and Computer Science - Double Degree Track,1,02340129
Medicine and Computer Science - Double Degree Track,1,03240033
Medicine and Computer Science - Double Degree Track,2,01040032
Medicine and Computer Science - Double Degree Track,2,01140071
Medicine and Computer Science - Double Degree Track,2,02340124
Medicine and Computer Science - Double Degree Track,2,02340125
Medicine and Computer Science - Double Degree Track,2,02340141
Medicine and Computer Science - Double Degree Track,3,00940412
Medicine and Computer Science - Double Degree Track,3,01040134
Medicine and Computer Science - Double Degree Track,3,02340218
Medicine and Computer Science - Double Degree Track,3,04402520
Medicine and Computer Science - Double Degree Track,3,02340252
Medicine and Computer Science - Double Degree Track,3,02340292
Medicine and Computer Science - Double Degree Track,4,01140249
Medicine and Computer Science - Double Degree Track,4,02340118
Medicine and Computer Science - Double Degree Track,4,02340123
Medicine and Computer Science - Double Degree Track,4,02340247
Medicine and Computer Science - Double Degree Track,4,02360201
Medicine and Computer Science - Double Degree Track,5,01240507
Medicine and Computer Science - Double Degree Track,5,02360501
Medicine and Computer Science - Double Degree Track,5,02360523
Medicine and Computer Science - Double Degree Track,5,02740167
Medicine and Computer Science - Double Degree Track,5,02740142
Medicine and Computer Science - Double Degree Track,5,02740257
Medicine and Computer Science - Double Degree Track,6,02360343
Medicine and Computer Science - Double Degree Track,6,02360267
Medicine and Computer Science - Double Degree Track,6,02360503
Medicine and Computer Science - Double Degree Track,6,01250803
Medicine and Computer Science - Double Degree Track,6,02740143
Medicine and Computer Science - Double Degree Track,6,02740165
Medicine and Computer Science - Double Degree Track,6,02740266
Medicine and Computer Science - Double Degree Track,7,02740182
Medicine and Computer Science - Double Degree Track,7,02740241
Medicine and Computer Science - Double Degree Track,7,02740242
Medicine and Computer Science - Double Degree Track,7,02740243
Medicine and Computer Science - Double Degree Track,7,02740234
Medicine and Computer Science - Double Degree Track,7,02740258
Medicine and Computer Science - Double Degree Track,7,02740260
Medicine and Computer Science - Double Degree Track,7,02740320
Medicine and Computer Science - Double Degree Track,7,03240397
Medicine and Computer Science - Double Degree Track,8,02740235
Medicine and Computer Science - Double Degree Track,8,02740246
Medicine and Computer Science - Double Degree Track,8,02740253
Medicine and Computer Science - Double Degree Track,8,02740261
Medicine and Computer Science - Double Degree Track,8,02740262
Medicine and Computer Science - Double Degree Track,8,02740265
Medicine and Computer Science - Double Degree Track,8,02740267
Medicine and Computer Science - Double Degree Track,8,02740268
Medicine and Computer Science - Double Degree Track,9,02740322
Medicine and Computer Science - Double Degree Track,9,02740323
Medicine and Computer Science - Double Degree Track,9,02740326
Medicine and Computer Science - Double Degree Track,9,02740336
Medicine and Computer Science - Double Degree Track,9,02740348
Medicine and Computer Science - Double Degree Track,9,02740372
Medicine and Computer Science - Double Degree Track,9,02740375
Medicine and Computer Science - Double Degree Track,10,02740251
Medicine and Computer Science - Double Degree Track,10,02740252
Medicine and Computer Science - Double Degree Track,10,02740318
Medicine and Computer Science - Double Degree Track,10,02740319
Medicine and Computer Science - Double Degree Track,10,02740327
Medicine and Computer Science - Double Degree Track,10,02740328
Medicine and Computer Science - Double Degree Track,10,02740352
Medicine and Computer Science - Double Degree Track,10,02740367
Medicine and Computer Science - Double Degree Track,10,02740369
Medicine and Computer Science - Double Degree Track,10,02740376
Civil Engineering - Water & Environment,1,00140102
Civil Engineering - Water & Environment,1,01040042
Civil Engineering - Water & Environment,1,01040019
Civil Engineering - Water & Environment,1,01140051
Civil Engineering - Water & Environment,1,01250001
Civil Engineering - Water & Environment,1,03940800
Civil Engineering - Water & Environment,2,00140008
Civil Engineering - Water & Environment,2,00140104
Civil Engineering - Water & Environment,2,01040044
Civil Engineering - Water & Environment,2,01040131
Civil Engineering - Water & Environment,2,02340128
Civil Engineering - Water & Environment,2,03240033
Civil Engineering - Water & Environment,3,00140003
Civil Engineering - Water & Environment,3,00140214
Civil Engineering - Water & Environment,3,00140316
Civil Engineering - Water & Environment,3,00140505
Civil Engineering - Water & Environment,3,01040228
Civil Engineering - Water & Environment,3,01140052
Civil Engineering - Water & Environment,3,03140536
Civil Engineering - Water & Environment,4,00140006
Civil Engineering - Water & Environment,4,00140153
Civil Engineering - Water & Environment,4,00140405
Civil Engineering - Water & Environment,4,00140702
Civil Engineering - Water & Environment,4,00150019
Civil Engineering - Water & Environment,4,00140332
Civil Engineering - Water & Environment,5,00140205
Civil Engineering - Water & Environment,5,00140212
Civil Engineering - Water & Environment,5,00140409
Civil Engineering - Water & Environment,5,00140841
Civil Engineering - Water & Environment,5,00140412
Civil Engineering - Water & Environment,5,00140977
Civil Engineering - Water & Environment,5,01240503
Civil Engineering - Water & Environment,6,00140004
Civil Engineering - Water & Environment,6,00140603
Civil Engineering - Water & Environment,6,00940202
Civil Engineering - Water & Environment,6,03940800
Civil Engineering - Water & Environment,6,00140325
Civil Engineering - Water & Environment,7,00140618
Civil Engineering - Water & Environment,7,00160203
Civil Engineering - Transportation,1,00140102
Civil Engineering - Transportation,1,01040042
Civil Engineering - Transportation,1,01040019
Civil Engineering - Transportation,1,01140051
Civil Engineering - Transportation,1,01250001
Civil Engineering - Transportation,1,03940800
Civil Engineering - Transportation,2,00140008
Civil Engineering - Transportation,2,00140104
Civil Engineering - Transportation,2,01040044
Civil Engineering - Transportation,2,01040131
Civil Engineering - Transportation,2,02340128
Civil Engineering - Transportation,2,03240033
Civil Engineering - Transportation,3,00140003
Civil Engineering - Transportation,3,00140214
Civil Engineering - Transportation,3,00140316
Civil Engineering - Transportation,3,00140505
Civil Engineering - Transportation,3,01040228
Civil Engineering - Transportation,3,01140052
Civil Engineering - Transportation,3,03140536
Civil Engineering - Transportation,4,00140006
Civil Engineering - Transportation,4,00140153
Civil Engineering - Transportation,4,00140405
Civil Engineering - Transportation,4,00140702
Civil Engineering - Transportation,4,00150019
Civil Engineering - Transportation,4,00140779
Civil Engineering - Transportation,5,00140205
Civil Engineering - Transportation,5,00140212
Civil Engineering - Transportation,5,00140409
Civil Engineering - Transportation,5,00140841
Civil Engineering - Transportation,5,00140733
Civil Engineering - Transportation,5,00940591
Civil Engineering - Transportation,6,00140004
Civil Engineering - Transportation,6,00140603
Civil Engineering - Transportation,6,00940202
Civil Engineering - Transportation,6,03940800
Civil Engineering - Transportation,6,00140735
Civil Engineering - Transportation,7,00140618
Civil Engineering - Transportation,7,00140709
Civil Engineering - Transportation,7,00140710
Civil Engineering,1,00140008
Civil Engineering,1,00140102
Civil Engineering,1,01040042
Civil Engineering,1,01040019
Civil Engineering,1,01250001
Civil Engineering,1,03940800
Civil Engineering,2,00140104
Civil Engineering,2,01040044
Civil Engineering,2,01040131
Civil Engineering,2,01140051
Civil Engineering,2,02340128
Civil Engineering,2,03240033
Civil Engineering,3,00140003
Civil Engineering,3,00140108
Civil Engineering,3,00140214
Civil Engineering,3,00140525
Civil Engineering,3,01040228
Civil Engineering,3,01140052
Civil Engineering,4,00140005
Civil Engineering,4,00140006
Civil Engineering,4,00140153
Civil Engineering,4,00140405
Civil Engineering,4,00140603
Civil Engineering,4,00140618
Civil Engineering,4,00140779
Civil Engineering,5,00140143
Civil Engineering,5,00140145
Civil Engineering,5,00140149
Civil Engineering,5,00140160
Civil Engineering,5,00140409
Civil Engineering,5,00140841
Civil Engineering,5,03940800
Civil Engineering,6,00140146
Civil Engineering,6,00140148
Civil Engineering,6,00140150
Civil Engineering,6,00140411
Civil Engineering,6,00940202
Civil Engineering,7,00140004
Civil Engineering,7,00140163
Civil Engineering,7,00140147
Civil Engineering,8,00140131
Civil Engineering,8,00140132
Civil Engineering - Management and Construction,1,00140008
Civil Engineering - Management and Construction,1,00140102
Civil Engineering - Management and Construction,1,01040042
Civil Engineering - Management and Construction,1,01040019
Civil Engineering - Management and Construction,1,01250001
Civil Engineering - Management and Construction,1,03940800
Civil Engineering - Management and Construction,2,00140104
Civil Engineering - Management and Construction,2,01040044
Civil Engineering - Management and Construction,2,01040131
Civil Engineering - Management and Construction,2,01140051
Civil Engineering - Management and Construction,2,02340128
Civil Engineering - Management and Construction,2,03240033
Civil Engineering - Management and Construction,3,00140003
Civil Engineering - Management and Construction,3,00140108
Civil Engineering - Management and Construction,3,00140214
Civil Engineering - Management and Construction,3,00140525
Civil Engineering - Management and Construction,3,01040228
Civil Engineering - Management and Construction,3,01140052
Civil Engineering - Management and Construction,4,00140005
Civil Engineering - Management and Construction,4,00140006
Civil Engineering - Management and Construction,4,00140153
Civil Engineering - Management and Construction,4,00140405
Civil Engineering - Management and Construction,4,00140603
Civil Engineering - Management and Construction,4,00140618
Civil Engineering - Management and Construction,4,00140779
Civil Engineering - Management and Construction,5,00140160
Civil Engineering - Management and Construction,5,00140409
Civil Engineering - Management and Construction,5,00140617
Civil Engineering - Management and Construction,5,00140619
Civil Engineering - Management and Construction,5,00140621
Civil Engineering - Management and Construction,5,00140841
Civil Engineering - Management and Construction,5,00160503
Environmental Engineering,1,00140008
Environmental Engineering,1,00140102
Environmental Engineering,1,01040042
Environmental Engineering,1,01040019
Environmental Engineering,1,01250001
Environmental Engineering,1,03940800
Environmental Engineering,2,00140104
Environmental Engineering,2,01040044
Environmental Engineering,2,01040131
Environmental Engineering,2,01140051
Environmental Engineering,2,02340128
Environmental Engineering,2,03240033
Environmental Engineering,3,00140003
Environmental Engineering,3,00140108
Environmental Engineering,3,00140214
Environmental Engineering,3,00140525
Environmental Engineering,3,01040228
Environmental Engineering,3,01140052
Environmental Engineering,4,00140005
Environmental Engineering,4,00140006
Environmental Engineering,4,00140153
Environmental Engineering,4,00140405
Environmental Engineering,4,00140603
Environmental Engineering,4,00140618
Environmental Engineering,4,00140779
Environmental Engineering,5,00140205
Environmental Engineering,5,00140977
Environmental Engineering,5,00140212
Environmental Engineering,5,00140412
Environmental Engineering,5,00140940
Environmental Engineering,5,00150024
Environmental Engineering,6,00140004
Environmental Engineering,6,00160306
Environmental Engineering,6,00140979
Environmental Engineering,6,03940800
Environmental Engineering,7,00160338
Environmental Engineering,7,00140302
Environmental Engineering,7,00160303
Mapping and Geo-Information Engineering,1,01040042
Mapping and Geo-Information Engineering,1,00140008
Mapping and Geo-Information Engineering,1,01040019
Mapping and Geo-Information Engineering,1,01250001
Mapping and Geo-Information Engineering,1,02340128
Mapping and Geo-Information Engineering,1,03940800
Mapping and Geo-Information Engineering,2,00140881
Mapping and Geo-Information Engineering,2,00140845
Mapping and Geo-Information Engineering,2,01040044
Mapping and Geo-Information Engineering,2,00150007
Mapping and Geo-Information Engineering,2,01140051
Mapping and Geo-Information Engineering,2,03240033
Mapping and Geo-Information Engineering,3,00140842
Mapping and Geo-Information Engineering,3,00140848
Mapping and Geo-Information Engineering,3,00140846
Mapping and Geo-Information Engineering,3,01040131
Mapping and Geo-Information Engineering,3,03940800
Mapping and Geo-Information Engineering,4,00140829
Mapping and Geo-Information Engineering,4,00140859
Mapping and Geo-Information Engineering,4,00140858
Mapping and Geo-Information Engineering,4,00140830
Mapping and Geo-Information Engineering,4,00140854
Mapping and Geo-Information Engineering,4,01040228
Mapping and Geo-Information Engineering,5,00140004
Mapping and Geo-Information Engineering,5,00140829
Mapping and Geo-Information Engineering,5,00140843
Mapping and Geo-Information Engineering,5,00140851
Mapping and Geo-Information Engineering,5,00140855
Mapping and Geo-Information Engineering,5,00140890
Mapping and Geo-Information Engineering,6,00140888
Mapping and Geo-Information Engineering,6,00140852
Mapping and Geo-Information Engineering,6,00140853
Mapping and Geo-Information Engineering,6,00140864
Mapping and Geo-Information Engineering,6,00140856
Mapping and Geo-Information Engineering,6,00140857
Mapping and Geo-Information Engineering,6,00140889
Mapping and Geo-Information Engineering,6,00140831
Mapping and Geo-Information Engineering,7,00140867
Mapping and Geo-Information Engineering,7,00140869
Mapping and Geo-Information Engineering,7,00140885
Mapping and Geo-Information Engineering,7,00160828
Mapping and Geo-Information Engineering,8,00140866
Mapping and Geo-Information Engineering,8,00160829
Mapping and Geo-Information Engineering,8,00160818
Mapping and Geo-Information Engineering,8,00140882
Mapping and Geo-Information 3Y Engineering,1,00440102
Mapping and Geo-Information 3Y Engineering,1,01040042
Mapping and Geo-Information 3Y Engineering,1,01040065
Mapping and Geo-Information 3Y Engineering,1,01140071
Mapping and Geo-Information 3Y Engineering,1,01240507
Mapping and Geo-Information 3Y Engineering,1,02740167
Mapping and Geo-Information 3Y Engineering,2,01040013
Mapping and Geo-Information 3Y Engineering,2,01040038
Mapping and Geo-Information 3Y Engineering,2,01040136
Mapping and Geo-Information 3Y Engineering,2,01140052
Mapping and Geo-Information 3Y Engineering,2,01240801
Mapping and Geo-Information 3Y Engineering,2,02340128
Mapping and Geo-Information 3Y Engineering,3,00140003
Mapping and Geo-Information 3Y Engineering,3,00140842
Mapping and Geo-Information 3Y Engineering,3,00140848
Mapping and Geo-Information 3Y Engineering,3,00140846
Mapping and Geo-Information 3Y Engineering,3,01140052
Mapping and Geo-Information 3Y Engineering,3,01040131
Mapping and Geo-Information 3Y Engineering,4,00140006
Mapping and Geo-Information 3Y Engineering,4,00140603
Mapping and Geo-Information 3Y Engineering,4,00140814
Mapping and Geo-Information 3Y Engineering,4,00140877
Mapping and Geo-Information 3Y Engineering,4,00140878
Mapping and Geo-Information 3Y Engineering,4,00140849
Mapping and Geo-Information 3Y Engineering,4,00140863
Mapping and Geo-Information 3Y Engineering,5,00140829
Mapping and Geo-Information 3Y Engineering,5,00140843
Mapping and Geo-Information 3Y Engineering,5,00140851
Mapping and Geo-Information 3Y Engineering,5,00140855
Mapping and Geo-Information 3Y Engineering,5,00140890
Mapping and Geo-Information 3Y Engineering,6,00140888
Mapping and Geo-Information 3Y Engineering,6,00140852
Mapping and Geo-Information 3Y Engineering,6,00140853
Mapping and Geo-Information 3Y Engineering,6,00140866
Mapping and Geo-Information 3Y Engineering,6,00140867
Mapping and Geo-Information 3Y Engineering,6,00140864
Mapping and Geo-Information 3Y Engineering,6,00140856
Mapping and Geo-Information 3Y Engineering,6,00140857
Mapping and Geo-Information 3Y Engineering,6,00140889
Mapping and Geo-Information 3Y Engineering,6,00140831
Chemistry,1,01040003
Chemistry,1,01040019
Chemistry,1,01140077
Chemistry,1,01340127
Chemistry,1,01240117
Chemistry,2,01040004
Chemistry,2,01040131
Chemistry,2,01140052
Chemistry,2,01140058
Chemistry,2,01240118
Chemistry,2,02340128
Chemistry,2,01240220
Chemistry,3,01240408
Chemistry,3,01240415
Chemistry,3,01240708
Chemistry,3,01240305
Chemistry,3,01240212
Chemistry,3,01240611
Chemistry,3,03240033
Chemistry,4,01240213
Chemistry,4,01240417
Chemistry,4,01240413
Chemistry,4,01240414
Chemistry,4,01240610
Chemistry,4,01240711
Chemistry,4,01240911
Chemistry,5,01240214
Chemistry,5,01240210
Chemistry,5,01240416
Chemistry,5,01240703
Chemistry,5,01240613
Chemistry,5,01340019
Haznek Chemistry - Medicinal,1,01040018
Haznek Chemistry - Medicinal,1,01040019
Haznek Chemistry - Medicinal,1,01140051
Haznek Chemistry - Medicinal,1,01340058
Haznek Chemistry - Medicinal,1,01240117
Haznek Chemistry - Medicinal,1,03940800
Haznek Chemistry - Medicinal,2,01040122
Haznek Chemistry - Medicinal,2,01040131
Haznek Chemistry - Medicinal,2,01140052
Haznek Chemistry - Medicinal,2,01240118
Haznek Chemistry - Medicinal,2,02340128
Haznek Chemistry - Medicinal,2,01240220
Haznek Chemistry - Medicinal,2,03940800
Haznek Chemistry - Medicinal,3,01240440
Haznek Chemistry - Medicinal,3,01240415
Haznek Chemistry - Medicinal,3,01240708
Haznek Chemistry - Medicinal,3,01230305
Haznek Chemistry - Medicinal,3,01240212
Haznek Chemistry - Medicinal,3,01240611
Haznek Chemistry - Medicinal,3,03240033
Haznek Chemistry - Medicinal,4,01240213
Haznek Chemistry - Medicinal,4,01240417
Haznek Chemistry - Medicinal,4,01240413
Haznek Chemistry - Medicinal,4,01240610
Haznek Chemistry - Medicinal,4,01240711
Haznek Chemistry - Medicinal,4,01240911
Haznek Chemistry - Medicinal,4,01240356
Haznek Chemistry - Medicinal,5,01240214
Haznek Chemistry - Medicinal,5,01240210
Haznek Chemistry - Medicinal,5,01240416
Haznek Chemistry - Medicinal,5,01240703
Haznek Chemistry - Medicinal,5,01240912
Haznek Chemistry - Medicinal,5,01340019
Haznek Chemistry - Medicinal,5,01240353
Haznek Chemistry - Medicinal,5,01240602
Haznek Chemistry - Medicinal,6,01260200
Haznek Chemistry - Medicinal,6,01240355
Haznek Chemistry - Medicinal,6,01260601
Haznek Chemistry - Medicinal,6,01260700
Haznek Chemistry - Medicinal,6,01260901
Haznek Chemistry - Medicinal,6,01260303
Haznek Chemistry - Medicinal,7,01340113
Haznek Chemistry - Medicinal,7,01270100
Haznek Chemistry - Medicinal,7,01340020
Haznek Chemistry - Medicinal,7,01270741
Haznek Chemistry - Medicinal,7,01270742
Haznek Chemistry - Medicinal,7,01340134
Haznek Chemistry - Technologies,1,01040018
Haznek Chemistry - Technologies,1,01040019
Haznek Chemistry - Technologies,1,01140051
Haznek Chemistry - Technologies,1,01340058
Haznek Chemistry - Technologies,1,01240117
Haznek Chemistry - Technologies,1,03940800
Haznek Chemistry - Technologies,2,01040122
Haznek Chemistry - Technologies,2,01040131
Haznek Chemistry - Technologies,2,01140052
Haznek Chemistry - Technologies,2,01240118
Haznek Chemistry - Technologies,2,02340128
Haznek Chemistry - Technologies,2,01240220
Haznek Chemistry - Technologies,2,03940800
Haznek Chemistry - Technologies,3,01240440
Haznek Chemistry - Technologies,3,01240415
Haznek Chemistry - Technologies,3,01240708
Haznek Chemistry - Technologies,3,01230305
Haznek Chemistry - Technologies,3,01240212
Haznek Chemistry - Technologies,3,01240611
Haznek Chemistry - Technologies,3,03240033
Haznek Chemistry - Technologies,4,01240213
Haznek Chemistry - Technologies,4,01240417
Haznek Chemistry - Technologies,4,01240413
Haznek Chemistry - Technologies,4,01240610
Haznek Chemistry - Technologies,4,01240711
Haznek Chemistry - Technologies,4,01240911
Haznek Chemistry - Technologies,4,01240356
Haznek Chemistry - Technologies,5,01240214
Haznek Chemistry - Technologies,5,01240210
Haznek Chemistry - Technologies,5,01240416
Haznek Chemistry - Technologies,5,01240703
Haznek Chemistry - Technologies,5,01240912
Haznek Chemistry - Technologies,5,01340019
Haznek Chemistry - Technologies,5,01240353
Haznek Chemistry - Technologies,5,01240602
Haznek Chemistry - Technologies,6,01260200
Haznek Chemistry - Technologies,6,01240355
Haznek Chemistry - Technologies,6,01260601
Haznek Chemistry - Technologies,6,01260700
Haznek Chemistry - Technologies,6,01260901
Haznek Chemistry - Technologies,6,01260303
Haznek Chemistry - Technologies,7,01240228
Haznek Chemistry - Technologies,7,00940481
Haznek Chemistry - Technologies,7,00540135
Haznek Chemistry - Technologies,7,05400522
Haznek Chemistry - Technologies,7,01260126
Haznek Chemistry - Quantum,1,01040018
Haznek Chemistry - Quantum,1,01040019
Haznek Chemistry - Quantum,1,01140051
Haznek Chemistry - Quantum,1,01340058
Haznek Chemistry - Quantum,1,01240117
Haznek Chemistry - Quantum,1,03940800
Haznek Chemistry - Quantum,2,01040122
Haznek Chemistry - Quantum,2,01040131
Haznek Chemistry - Quantum,2,01140052
Haznek Chemistry - Quantum,2,01240118
Haznek Chemistry - Quantum,2,02340128
Haznek Chemistry - Quantum,2,01240220
Haznek Chemistry - Quantum,2,03940800
Haznek Chemistry - Quantum,3,01240440
Haznek Chemistry - Quantum,3,01240415
Haznek Chemistry - Quantum,3,01240708
Haznek Chemistry - Quantum,3,01230305
Haznek Chemistry - Quantum,3,01240212
Haznek Chemistry - Quantum,3,01240611
Haznek Chemistry - Quantum,3,03240033
Haznek Chemistry - Quantum,4,01240213
Haznek Chemistry - Quantum,4,01240417
Haznek Chemistry - Quantum,4,01240413
Haznek Chemistry - Quantum,4,01240610
Haznek Chemistry - Quantum,4,01240711
Haznek Chemistry - Quantum,4,01240911
Haznek Chemistry - Quantum,4,01240356
Haznek Chemistry - Quantum,5,01240214
Haznek Chemistry - Quantum,5,01240210
Haznek Chemistry - Quantum,5,01240416
Haznek Chemistry - Quantum,5,01240703
Haznek Chemistry - Quantum,5,01240912
Haznek Chemistry - Quantum,5,01340019
Haznek Chemistry - Quantum,5,01240353
Haznek Chemistry - Quantum,5,01240602
Haznek Chemistry - Quantum,6,01260200
Haznek Chemistry - Quantum,6,01240355
Haznek Chemistry - Quantum,6,01260601
Haznek Chemistry - Quantum,6,01260700
Haznek Chemistry - Quantum,6,01260901
Haznek Chemistry - Quantum,6,01260303
Haznek Chemistry - Quantum,7,01270446
Haznek Chemistry - Quantum,7,01270447
Haznek Chemistry - Quantum,7,01260604
Haznek Chemistry - Quantum,7,01260605
Haznek Chemistry - Quantum,7,01270450
Haznek Chemistry - Quantum,7,01270451
Haznek Chemistry - Quantum,7,01280429
Haznek Chemistry - Quantum,7,01160037
Haznek Chemistry - Quantum,7,01160040
Haznek Chemistry - Quantum,7,01180137
Molecular Biochemistry,1,01040003
Molecular Biochemistry,1,01040019
Molecular Biochemistry,1,01240117
Molecular Biochemistry,1,01340058
Molecular Biochemistry,1,03240033
Molecular Biochemistry,1,01140077
Molecular Biochemistry,1,03940800
Molecular Biochemistry,2,01040004
Molecular Biochemistry,2,01140078
Molecular Biochemistry,2,01240118
Molecular Biochemistry,2,00940481
Molecular Biochemistry,2,01340019
Molecular Biochemistry,2,01340020
Molecular Biochemistry,3,01240408
Molecular Biochemistry,3,01240415
Molecular Biochemistry,3,01240708
Molecular Biochemistry,3,01340082
Molecular Biochemistry,3,01340113
Molecular Biochemistry,3,01340142
Molecular Biochemistry,4,01240911
Molecular Biochemistry,4,01240414
Molecular Biochemistry,4,01240711
Molecular Biochemistry,4,01340128
Molecular Biochemistry,4,01340119
Molecular Biochemistry,4,01240220
Molecular Biochemistry,4,03940800
Molecular Biochemistry,5,01240212
Molecular Biochemistry,5,02340128
Molecular Biochemistry,6,01340143
Molecular Biochemistry,6,01340117
Molecular Biochemistry,6,01340121
Chemical Engineering,1,01040065
Chemical Engineering,1,00040041
Chemical Engineering,1,01140051
Chemical Engineering,1,01240120
Chemical Engineering,1,01340127
Chemical Engineering,2,00540478
Chemical Engineering,2,01040043
Chemical Engineering,2,01040131
Chemical Engineering,2,01140052
Chemical Engineering,2,01250101
Chemical Engineering,2,01250801
Chemical Engineering,2,03940800
Chemical Engineering,3,00540316
Chemical Engineering,3,01040228
Chemical Engineering,3,01250102
Chemical Engineering,3,01340019
Chemical Engineering,3,02340128
Chemical Engineering,3,03240033
Chemical Engineering,3,03940800
Chemical Engineering,4,00540319
Chemical Engineering,4,00540374
Chemical Engineering,4,00540480
Chemical Engineering,4,01240213
Chemical Engineering,4,01240911
Chemical Engineering,4,01250000
Chemical Engineering,6,00540309
Chemical Engineering,6,00540322
Chemical Engineering,6,00540330
Chemical Engineering,7,00540310
Chemical Engineering,7,00540417
Chemical Engineering,7,00540479
Chemical Engineering,8,00540400
Chemical Engineering,8,00540410
Chemical Engineering,8,00540411
Biochemical Engineering,1,01040019
Biochemical Engineering,1,01040041
Biochemical Engineering,1,01140051
Biochemical Engineering,1,01240120
Biochemical Engineering,1,01340058
Biochemical Engineering,2,00540478
Biochemical Engineering,2,01040043
Biochemical Engineering,2,01250801
Biochemical Engineering,2,01340019
Biochemical Engineering,2,01340020
Biochemical Engineering,3,00540316
Biochemical Engineering,3,01040131
Biochemical Engineering,3,01340113
Biochemical Engineering,3,01340142
Biochemical Engineering,3,01340082
Biochemical Engineering,3,02340128
Biochemical Engineering,3,03240033
Biochemical Engineering,3,03940800
Biochemical Engineering,4,00540203
Biochemical Engineering,4,00540319
Biochemical Engineering,4,00540374
Biochemical Engineering,4,01040228
Biochemical Engineering,4,01340119
Biochemical Engineering,4,01340128
Biochemical Engineering,4,03940800
Biochemical Engineering,5,00540320
Biochemical Engineering,5,00540321
Biochemical Engineering,5,01140052
Biochemical Engineering,6,00540324
Biochemical Engineering,6,00540330
Biochemical Engineering,6,00540322
Biochemical Engineering,6,01250101
Biochemical Engineering,6,01340121
Biochemical Engineering,6,01340143
Biochemical Engineering,7,00540314
Biochemical Engineering,7,00540417
Biochemical Engineering,7,00540318
Biochemical Engineering,7,00540412
Biochemical Engineering,8,00540420
Biochemical Engineering,8,01250105
Biotechnology and Food Engineering,1,01040041
Biotechnology and Food Engineering,1,01040019
Biotechnology and Food Engineering,1,01240120
Biotechnology and Food Engineering,1,00640522
Biotechnology and Food Engineering,1,01340058
Biotechnology and Food Engineering,1,03940800
Biotechnology and Food Engineering,2,01040043
Biotechnology and Food Engineering,2,03240033
Biotechnology and Food Engineering,2,01250801
Biotechnology and Food Engineering,2,01250101
Biotechnology and Food Engineering,2,01340019
Biotechnology and Food Engineering,2,01140051
Biotechnology and Food Engineering,2,03940800
Biotechnology and Food Engineering,3,01040131
Biotechnology and Food Engineering,3,02340128
Biotechnology and Food Engineering,3,01240510
Biotechnology and Food Engineering,3,00640523
Biotechnology and Food Engineering,3,00640212
Biotechnology and Food Engineering,3,01340113
Biotechnology and Food Engineering,4,01040228
Biotechnology and Food Engineering,4,00640322
Biotechnology and Food Engineering,4,00640325
Biotechnology and Food Engineering,4,00640115
Biotechnology and Food Engineering,4,00640419
Biotechnology and Food Engineering,4,00640413
Biotechnology and Food Engineering,4,01140052
Biotechnology and Food Engineering,5,00640117
Biotechnology and Food Engineering,5,00640507
Biotechnology and Food Engineering,5,00640106
Biotechnology and Food Engineering,5,00640420
Biotechnology and Food Engineering,5,00640324
Biotechnology and Food Engineering,5,00640326
Biotechnology and Food Engineering,6,00640118
Biotechnology and Food Engineering,6,00640250
Biotechnology and Food Engineering,6,00640120
Biotechnology and Food Engineering,6,00940481
Biotechnology and Food Engineering,7,00640615
Biotechnology and Food Engineering,7,00640239
Biotechnology and Food Engineering,7,00640509
Biomedical Engineering,1,0440102
Biomedical Engineering,1,1040042
Biomedical Engineering,1,1040065
Biomedical Engineering,1,1140071
Biomedical Engineering,1,1250001
Biomedical Engineering,1,1340058
Biomedical Engineering,2,1040013
Biomedical Engineering,2,1040038
Biomedical Engineering,2,1040136
Biomedical Engineering,2,1140052
Biomedical Engineering,2,1240801
Biomedical Engineering,2,2340128
Biomedical Engineering,3,0440105
Biomedical Engineering,3,1040214
Biomedical Engineering,3,1040215
Biomedical Engineering,3,1040220
Biomedical Engineering,3,1240503
Biomedical Engineering,3,1340019
Biomedical Engineering,3,3340274
Biomedical Engineering,4,0440131
Biomedical Engineering,4,1040034
Biomedical Engineering,4,3340221
Biomedical Engineering,4,3340222
Biomedical Engineering,4,3360537
Biomedical Engineering,5,1340113
Biomedical Engineering,5,3340009
Biomedical Engineering,5,3340023
Biomedical Engineering,5,3350010
Biomedical Engineering,5,3360022
Biomedical Engineering,5,3360100
Biomedical Engineering,6,3340011
Biomedical Engineering,6,3350001
Biomedical Engineering,7,3340014
Biomedical Engineering,7,3350002
Biomedical Engineering,8,3350015
Biomedical Engineering,8,3350003
Biomedical Engineering and Physics,1,00440102
Biomedical Engineering and Physics,1,01040042
Biomedical Engineering and Physics,1,01040065
Biomedical Engineering and Physics,1,01140020
Biomedical Engineering and Physics,1,01140074
Biomedical Engineering and Physics,1,01250001
Biomedical Engineering and Physics,1,01340058
Biomedical Engineering and Physics,2,01040013
Biomedical Engineering and Physics,2,01040038
Biomedical Engineering and Physics,2,01040136
Biomedical Engineering and Physics,2,01140076
Biomedical Engineering and Physics,2,01240801
Biomedical Engineering and Physics,2,02340128
Biomedical Engineering and Physics,3,00440105
Biomedical Engineering and Physics,3,01040214
Biomedical Engineering and Physics,3,01040215
Biomedical Engineering and Physics,3,01040220
Biomedical Engineering and Physics,3,01140021
Biomedical Engineering and Physics,3,01140086
Biomedical Engineering and Physics,3,01340019
Biomedical Engineering and Physics,3,03340274
Biomedical Engineering and Physics,4,00440131
Biomedical Engineering and Physics,4,01040034
Biomedical Engineering and Physics,4,01140035
Biomedical Engineering and Physics,4,03340222
Biomedical Engineering and Physics,4,03360537
Biomedical Engineering and Physics,5,01140101
Biomedical Engineering and Physics,5,03340009
Biomedical Engineering and Physics,5,03340023
Biomedical Engineering and Physics,5,03350010
Biomedical Engineering and Physics,5,03360100
Biomedical Engineering and Physics,6,01140036
Biomedical Engineering and Physics,6,01150203
Biomedical Engineering and Physics,6,03340011
Biomedical Engineering and Physics,6,03350005
Biomedical Engineering and Physics,6,03360533
Biomedical Engineering and Physics,7,01140037
Biomedical Engineering and Physics,7,01150204
Biomedical Engineering and Physics,7,03340014
Biomedical Engineering and Physics,7,03350003
Biomedical Engineering and Physics,8,01140246
Biomedical Engineering and Physics,8,03350015
Medicine and Biomedical Engineering,1,00440102
Medicine and Biomedical Engineering,1,01040042
Medicine and Biomedical Engineering,1,01040065
Medicine and Biomedical Engineering,1,01140071
Medicine and Biomedical Engineering,1,01250001
Medicine and Biomedical Engineering,1,01340058
Medicine and Biomedical Engineering,2,01040013
Medicine and Biomedical Engineering,2,01040038
Medicine and Biomedical Engineering,2,01040136
Medicine and Biomedical Engineering,2,01140052
Medicine and Biomedical Engineering,2,01240801
Medicine and Biomedical Engineering,2,02340128
Medicine and Biomedical Engineering,3,00440105
Medicine and Biomedical Engineering,3,01040214
Medicine and Biomedical Engineering,3,01040215
Medicine and Biomedical Engineering,3,01040220
Medicine and Biomedical Engineering,3,01240503
Medicine and Biomedical Engineering,3,01340019
Medicine and Biomedical Engineering,3,03340274
Medicine and Biomedical Engineering,4,00440131
Medicine and Biomedical Engineering,4,01040034
Medicine and Biomedical Engineering,4,03340221
Medicine and Biomedical Engineering,4,03340222
Medicine and Biomedical Engineering,4,03360537
Medicine and Biomedical Engineering,5,01340113
Medicine and Biomedical Engineering,5,03340009
Medicine and Biomedical Engineering,5,03340023
Medicine and Biomedical Engineering,5,03350010
Medicine and Biomedical Engineering,5,03360022
Medicine and Biomedical Engineering,5,03360100
Medicine and Biomedical Engineering,6,03340011
Medicine and Biomedical Engineering,6,03340221
Medicine and Biomedical Engineering,6,03350001
Medicine and Biomedical Engineering,6,02740143
Medicine and Biomedical Engineering,6,02740165
Medicine and Biomedical Engineering,6,02740262
Medicine and Biomedical Engineering,6,02740268
Medicine and Biomedical Engineering,7,03340014
Medicine and Biomedical Engineering,7,03350003
Medicine and Biomedical Engineering,7,02740234
Medicine and Biomedical Engineering,7,02740242
Medicine and Biomedical Engineering,7,02740243
Medicine and Biomedical Engineering,7,02740260
Medicine and Biomedical Engineering,7,02740320
Medicine and Biomedical Engineering,8,03350015
Medicine and Biomedical Engineering,8,02740235
Medicine and Biomedical Engineering,8,02740246
Medicine and Biomedical Engineering,8,02740261
Medicine and Biomedical Engineering,8,02740265
Medicine and Biomedical Engineering,8,02740267
Medicine and Biomedical Engineering,9,03240397
Medicine and Biomedical Engineering,9,02740231
Medicine and Biomedical Engineering,9,02740258
Medicine and Biomedical Engineering,9,02740322
Medicine and Biomedical Engineering,9,02740326
Medicine and Biomedical Engineering,9,02740336
Medicine and Biomedical Engineering,9,02740372
Medicine and Biomedical Engineering,9,02740375
Medicine and Biomedical Engineering,10,02740251
Medicine and Biomedical Engineering,10,02740252
Medicine and Biomedical Engineering,10,02740318
Medicine and Biomedical Engineering,10,02740319
Medicine and Biomedical Engineering,10,02740327
Medicine and Biomedical Engineering,10,02740328
Medicine and Biomedical Engineering,10,02740352
Medicine and Biomedical Engineering,10,02740367
Medicine and Biomedical Engineering,10,02740369
Medicine and Biomedical Engineering,10,02740376
Biology,1,01040003
Biology,1,01040019
Biology,1,01240120
Biology,1,01340058
Biology,1,01140077
Biology,1,03940807
Biology,1,01340161
Biology,2,01040004
Biology,2,01140078
Biology,2,01340133
Biology,2,01240122
Biology,2,01250801
Biology,2,01340020
Biology,2,01340019
Biology,3,01240510
Biology,3,01340111
Biology,3,01340134
Biology,3,01340113
Biology,3,01340142
Biology,3,01340082
Biology,3,01340154
Biology,3,03940807
Biology,4,01340040
Biology,4,01340144
Biology,4,01340128
Biology,4,01340117
Biology,4,01340119
Biology,4,01340143
Biology,4,01340121
Biology,4,03240033
Biology,5,02340128
Biology,5,01360158
Biology,5,01340123
Biology,5,01340124
Biology,5,01340125
Biology,5,01340126
Biology,6,01340123
Biology,6,01340124
Biology,6,01340125
Biology,6,01340126
Biology - Research and Human Development,1,01040003
Biology - Research and Human Development,1,01040019
Biology - Research and Human Development,1,01240120
Biology - Research and Human Development,1,01340058
Biology - Research and Human Development,1,01140077
Biology - Research and Human Development,1,01340161
Biology - Research and Human Development,1,03940807
Biology - Research and Human Development,2,01040004
Biology - Research and Human Development,2,01140078
Biology - Research and Human Development,2,01340133
Biology - Research and Human Development,2,01240122
Biology - Research and Human Development,2,01250801
Biology - Research and Human Development,2,01340020
Biology - Research and Human Development,2,01340019
Biology - Research and Human Development,2,01340160
Biology - Research and Human Development,3,01240510
Biology - Research and Human Development,3,01340111
Biology - Research and Human Development,3,01340134
Biology - Research and Human Development,3,01340113
Biology - Research and Human Development,3,01340142
Biology - Research and Human Development,3,01340082
Biology - Research and Human Development,3,01340154
Biology - Research and Human Development,3,03940807
Biology - Research and Human Development,4,01340040
Biology - Research and Human Development,4,01340144
Biology - Research and Human Development,4,01340128
Biology - Research and Human Development,4,01340117
Biology - Research and Human Development,4,01340119
Biology - Research and Human Development,4,01340143
Biology - Research and Human Development,4,01340121
Biology - Research and Human Development,4,03240033
Biology - Research and Human Development,5,02340128
Biology - Research and Human Development,5,01360158
Biology - Research and Human Development,5,01340124
Biology - Research and Human Development,5,01340049
Biology - Research and Human Development,6,01340124
Biology - Microbiology Ecology and Environment,1,01040003
Biology - Microbiology Ecology and Environment,1,01040019
Biology - Microbiology Ecology and Environment,1,01240120
Biology - Microbiology Ecology and Environment,1,01340058
Biology - Microbiology Ecology and Environment,1,01140077
Biology - Microbiology Ecology and Environment,1,01340161
Biology - Microbiology Ecology and Environment,1,03940807
Biology - Microbiology Ecology and Environment,2,01040004
Biology - Microbiology Ecology and Environment,2,01140078
Biology - Microbiology Ecology and Environment,2,01340133
Biology - Microbiology Ecology and Environment,2,01240122
Biology - Microbiology Ecology and Environment,2,01250801
Biology - Microbiology Ecology and Environment,2,01340020
Biology - Microbiology Ecology and Environment,2,01340019
Biology - Microbiology Ecology and Environment,2,01340160
Biology - Microbiology Ecology and Environment,3,01240510
Biology - Microbiology Ecology and Environment,3,01340111
Biology - Microbiology Ecology and Environment,3,01340134
Biology - Microbiology Ecology and Environment,3,01340113
Biology - Microbiology Ecology and Environment,3,01340142
Biology - Microbiology Ecology and Environment,3,01340082
Biology - Microbiology Ecology and Environment,3,01340154
Biology - Microbiology Ecology and Environment,3,03940807
Biology - Microbiology Ecology and Environment,4,01340040
Biology - Microbiology Ecology and Environment,4,01340144
Biology - Microbiology Ecology and Environment,4,01340128
Biology - Microbiology Ecology and Environment,4,01340117
Biology - Microbiology Ecology and Environment,4,01340119
Biology - Microbiology Ecology and Environment,4,01340143
Biology - Microbiology Ecology and Environment,4,01340121
Biology - Microbiology Ecology and Environment,4,03240033
Biology - Microbiology Ecology and Environment,5,02340128
Biology - Microbiology Ecology and Environment,5,01360158
Biology - Microbiology Ecology and Environment,5,01340125
Biology - Microbiology Ecology and Environment,5,01340049
Biology - Microbiology Ecology and Environment,6,01340123
Biology - Research in Biology and Molecular Biochemistry,1,01040003
Biology - Research in Biology and Molecular Biochemistry,1,01040019
Biology - Research in Biology and Molecular Biochemistry,1,01240120
Biology - Research in Biology and Molecular Biochemistry,1,01340058
Biology - Research in Biology and Molecular Biochemistry,1,01140077
Biology - Research in Biology and Molecular Biochemistry,1,01340161
Biology - Research in Biology and Molecular Biochemistry,1,03940807
Biology - Research in Biology and Molecular Biochemistry,2,01040004
Biology - Research in Biology and Molecular Biochemistry,2,01140078
Biology - Research in Biology and Molecular Biochemistry,2,01340133
Biology - Research in Biology and Molecular Biochemistry,2,01240122
Biology - Research in Biology and Molecular Biochemistry,2,01250801
Biology - Research in Biology and Molecular Biochemistry,2,01340020
Biology - Research in Biology and Molecular Biochemistry,2,01340019
Biology - Research in Biology and Molecular Biochemistry,2,01340160
Biology - Research in Biology and Molecular Biochemistry,3,01240510
Biology - Research in Biology and Molecular Biochemistry,3,01340111
Biology - Research in Biology and Molecular Biochemistry,3,01340134
Biology - Research in Biology and Molecular Biochemistry,3,01340113
Biology - Research in Biology and Molecular Biochemistry,3,01340142
Biology - Research in Biology and Molecular Biochemistry,3,01340082
Biology - Research in Biology and Molecular Biochemistry,3,01340154
Biology - Research in Biology and Molecular Biochemistry,3,03940807
Biology - Research in Biology and Molecular Biochemistry,4,01340040
Biology - Research in Biology and Molecular Biochemistry,4,01340144
Biology - Research in Biology and Molecular Biochemistry,4,01340128
Biology - Research in Biology and Molecular Biochemistry,4,01340117
Biology - Research in Biology and Molecular Biochemistry,4,01340119
Biology - Research in Biology and Molecular Biochemistry,4,01340143
Biology - Research in Biology and Molecular Biochemistry,4,01340121
Biology - Research in Biology and Molecular Biochemistry,4,03240033
Biology - Research in Biology and Molecular Biochemistry,5,02340128
Biology - Research in Biology and Molecular Biochemistry,5,01360158
Biology - Research in Biology and Molecular Biochemistry,5,01340126
Biology - Research in Biology and Molecular Biochemistry,5,01340049
Biology - Research in Biology and Molecular Biochemistry,6,01340126
Double Major in Biology and Chemistry,1,01040003
Double Major in Biology and Chemistry,1,01040019
Double Major in Biology and Chemistry,1,01240120
Double Major in Biology and Chemistry,1,01340058
Double Major in Biology and Chemistry,1,03240033
Double Major in Biology and Chemistry,1,01140077
Double Major in Biology and Chemistry,1,03940800
Double Major in Biology and Chemistry,2,01040004
Double Major in Biology and Chemistry,2,01140078
Double Major in Biology and Chemistry,2,01240118
Double Major in Biology and Chemistry,2,00940481
Double Major in Biology and Chemistry,2,01340019
Double Major in Biology and Chemistry,2,01340020
Double Major in Biology and Chemistry,3,01240408
Double Major in Biology and Chemistry,3,01240415
Double Major in Biology and Chemistry,3,01240708
Double Major in Biology and Chemistry,3,01340082
Double Major in Biology and Chemistry,3,01340113
Double Major in Biology and Chemistry,3,01340142
Double Major in Biology and Chemistry,4,01240911
Double Major in Biology and Chemistry,4,01240414
Double Major in Biology and Chemistry,4,01240711
Double Major in Biology and Chemistry,4,01340128
Double Major in Biology and Chemistry,4,01340119
Double Major in Biology and Chemistry,4,01240220
Double Major in Biology and Chemistry,4,03940800
Double Major in Biology and Chemistry,5,01240212
Double Major in Biology and Chemistry,5,02340128
Double Major in Biology and Chemistry,6,01340143
Double Major in Biology and Chemistry,6,01340117
Double Major in Biology and Chemistry,6,01340121
Architecture and Town Planning,1,02050574
Architecture and Town Planning,1,02050012
Architecture and Town Planning,1,02050922
Architecture and Town Planning,1,02040000
Architecture and Town Planning,1,01040277
Architecture and Town Planning,1,02050822
Architecture and Town Planning,1,02050878
Architecture and Town Planning,2,02050575
Architecture and Town Planning,2,02050102
Architecture and Town Planning,2,02050410
Architecture and Town Planning,2,01140014
Architecture and Town Planning,2,02050430
Architecture and Town Planning,2,02050886
Architecture and Town Planning,2,02050818
Architecture and Town Planning,2,02050819
Architecture and Town Planning,3,02050576
Architecture and Town Planning,3,02050257
Architecture and Town Planning,3,02050017
Architecture and Town Planning,3,02050501
Architecture and Town Planning,3,02050923
Architecture and Town Planning,3,02050458
Architecture and Town Planning,3,02050304
Architecture and Town Planning,3,02050543
Architecture and Town Planning,4,02050577
Architecture and Town Planning,4,02050492
Architecture and Town Planning,4,02050000
Architecture and Town Planning,4,02050028
Architecture and Town Planning,4,02050426
Architecture and Town Planning,4,02050826
Architecture and Town Planning,4,02050828
Architecture and Town Planning,5,02050582
Architecture and Town Planning,5,02050459
Architecture and Town Planning,5,02050104
Architecture and Town Planning,5,02050542
Architecture and Town Planning,6,02050586
Architecture and Town Planning,6,02050460
Architecture and Town Planning,6,02050105
Architecture and Town Planning,7,02050427
Architecture and Town Planning,7,02050510
Architecture and Town Planning,1,02050574
Architecture and Town Planning,1,02050012
Architecture and Town Planning,1,02050922
Architecture and Town Planning,1,02040000
Architecture and Town Planning,1,01040277
Architecture and Town Planning,1,02050822
Architecture and Town Planning,1,02050878
Architecture and Town Planning,2,02050575
Architecture and Town Planning,2,02050102
Architecture and Town Planning,2,02050410
Architecture and Town Planning,2,01140014
Architecture and Town Planning,2,02050430
Architecture and Town Planning,2,02050886
Architecture and Town Planning,2,02050818
Architecture and Town Planning,2,02050819
Architecture and Town Planning,3,02050576
Architecture and Town Planning,3,02050257
Architecture and Town Planning,3,02050017
Architecture and Town Planning,3,02050501
Architecture and Town Planning,3,02050923
Architecture and Town Planning,3,02050458
Architecture and Town Planning,3,02050304
Architecture and Town Planning,3,02050543
Architecture and Town Planning,4,02050577
Architecture and Town Planning,4,02050492
Architecture and Town Planning,4,02050000
Architecture and Town Planning,4,02050028
Architecture and Town Planning,4,02050426
Architecture and Town Planning,4,02050826
Architecture and Town Planning,4,02050828
Architecture and Town Planning,5,02050582
Architecture and Town Planning,5,02050459
Architecture and Town Planning,5,02050104
Architecture and Town Planning,5,02050542
Architecture and Town Planning,6,02050586
Architecture and Town Planning,6,02050460
Architecture and Town Planning,6,02050105
Architecture and Town Planning,7,02050427
Architecture and Town Planning,7,02050510
Aeronautics and Astronautics,1,01040041
Aeronautics and Astronautics,1,01040064
Aeronautics and Astronautics,1,01140051
Aeronautics and Astronautics,1,02340128
Aeronautics and Astronautics,1,01250001
Aeronautics and Astronautics,1,03240033
Aeronautics and Astronautics,2,01040043
Aeronautics and Astronautics,2,01040131
Aeronautics and Astronautics,2,01140052
Aeronautics and Astronautics,2,00840506
Aeronautics and Astronautics,2,03140200
Aeronautics and Astronautics,3,01040215
Aeronautics and Astronautics,3,01040228
Aeronautics and Astronautics,3,00840213
Aeronautics and Astronautics,3,00840225
Aeronautics and Astronautics,3,00940411
Aeronautics and Astronautics,4,00840135
Aeronautics and Astronautics,4,00840311
Aeronautics and Astronautics,4,00840515
Aeronautics and Astronautics,4,00840630
Aeronautics and Astronautics,4,00840737
Aeronautics and Astronautics,4,01140054
Aeronautics and Astronautics,5,00440102
Aeronautics and Astronautics,5,00840312
Aeronautics and Astronautics,5,00840314
Aeronautics and Astronautics,5,00840641
Aeronautics and Astronautics,5,00840738
Aeronautics and Astronautics,5,00840154
Aeronautics and Astronautics,6,00440098
Aeronautics and Physics,1,00440102
Aeronautics and Physics,1,01040000
Aeronautics and Physics,1,01040064
Aeronautics and Physics,1,01040012
Aeronautics and Physics,1,01140074
Aeronautics and Physics,1,01140020
Aeronautics and Physics,1,02340128
Aeronautics and Physics,1,03240033
Aeronautics and Physics,2,01040013
Aeronautics and Physics,2,01040038
Aeronautics and Physics,2,01040136
Aeronautics and Physics,2,01140076
Aeronautics and Physics,2,00840506
Aeronautics and Physics,2,01140021
Aeronautics and Physics,3,01040034
Aeronautics and Physics,3,01040220
Aeronautics and Physics,3,01040214
Aeronautics and Physics,3,01040215
Aeronautics and Physics,3,01140086
Aeronautics and Physics,3,01140101
Aeronautics and Physics,3,01140035
Aeronautics and Physics,4,00840311
Aeronautics and Physics,4,00840737
Aeronautics and Physics,4,00840515
Aeronautics and Physics,4,01150203
Aeronautics and Physics,4,01140036
Aeronautics and Physics,4,01140037
Aeronautics and Physics,5,00840154
Aeronautics and Physics,5,00840312
Aeronautics and Physics,5,00840314
Aeronautics and Physics,5,00840738
Aeronautics and Physics,5,01150204
Aeronautics and Physics,5,01140250
Aeronautics and Physics,6,00840135
Aeronautics and Physics,6,00440098
Aeronautics and Physics,6,01140246
Aeronautics and Physics,8,00840630
